id,busstop_id,route_id,distance,latitude,longitude
1,s1,0101-32,0.00,8.48322,76.94740
2,s3,0101-32,0.86,8.49097,76.94709
3,s4,0101-32,0.66,8.49684,76.94828
4,s5,0101-32,0.77,8.50253,76.94937
5,s7,0101-32,1.06,8.49920,76.94296
6,s8,0101-32,0.79,8.49750,76.93707
7,s9,0101-32,0.41,8.49681,76.93342
8,s10,0101-32,0.54,8.49512,76.92903
9,s11,0101-32,0.46,8.49773,76.92582
10,s12,0101-32,0.22,8.49901,76.92423
11,s13,0101-32,0.38,8.50117,76.92152
12,s14,0101-32,0.38,8.50332,76.91882
13,s15,0101-32,0.37,8.50541,76.91621
14,s16,0101-32,0.31,8.50718,76.91405
15,s17,0101-32,0.14,8.50834,76.91347
16,s18,0101-32,0.43,8.50924,76.90984
17,s19,0101-32,0.17,8.51060,76.90911
18,s20,0101-32,0.21,8.51153,76.90747
19,s21,0101-32,0.17,8.51126,76.90607
20,s22,0101-32,0.26,8.50997,76.90415
21,s23,0101-32,0.33,8.50838,76.90248
22,s24,0101-32,0.43,8.50735,76.90585
23,s25,0101-32,0.41,8.50481,76.90862
24,s26,0101-32,0.86,8.49901,76.91376
25,s1,0101-27,0.00,8.48358,76.94739
26,s28,0101-27,0.80,8.49073,76.94709
27,s4,0101-27,0.70,8.49694,76.94828
28,s5,0101-27,0.91,8.50456,76.95110
29,s31,0101-27,0.83,8.50887,76.94935
30,s32,0101-27,0.79,8.51455,76.94549
31,s33,0101-27,0.59,8.51879,76.94220
32,s34,0101-27,0.50,8.52291,76.94057
33,s767,0101-27,0.44,8.52654,76.93894
34,s36,0101-27,0.42,8.53019,76.93868
35,s37,0101-27,0.78,8.53580,76.94227
36,s38,0101-27,0.21,8.53758,76.94165
37,s39,0101-27,0.54,8.54226,76.94154
38,s40,0101-27,0.70,8.54628,76.94466
39,s350,0101-27,0.48,8.54981,76.94241
40,s42,0101-27,0.40,8.55303,76.94302
41,s43,0101-27,0.33,8.55585,76.94347
42,s351,0101-27,0.57,8.56099,76.94328
43,s45,0101-27,0.76,8.56769,76.94406
44,s46,0101-27,0.50,8.57109,76.94587
45,s47,0101-27,0.29,8.57294,76.94422
46,s48,0101-27,0.50,8.57693,76.94323
47,s49,0101-27,0.57,8.58074,76.94569
48,s50,0101-27,0.67,8.58497,76.94700
49,s51,0101-27,0.38,8.58483,76.94958
50,s52,0101-27,0.29,8.58743,76.94997
51,s53,0101-27,0.79,8.59253,76.95287
52,s54,0101-27,0.53,8.59511,76.95631
53,s55,0101-27,0.42,8.59527,76.95937
54,s56,0101-27,0.54,8.59817,76.96215
55,s57,0101-27,0.11,8.59859,76.96290
56,s58,0101-27,0.61,8.60264,76.96469
57,s352,0101-27,0.30,8.60513,76.96487
58,s60,0101-27,0.20,8.60588,76.96637
59,s61,0101-27,0.27,8.60660,76.96854
60,s353,0101-27,0.33,8.60939,76.96888
61,s63,0101-27,0.61,8.61438,76.96902
62,s64,0101-27,0.24,8.61604,76.96788
63,s65,0101-27,0.31,8.61846,76.96646
64,s66,0101-27,0.34,8.62115,76.96651
65,s9,0101-27,0.28,8.62354,76.96732
66,s67,0101-27,0.17,8.62456,76.96619
67,s68,0101-27,0.23,8.62651,76.96622
68,s69,0101-27,0.52,8.62431,76.96892
69,s70,0101-27,0.19,8.62416,76.97035
70,s71,0101-27,0.44,8.62781,76.97129
71,s72,0101-27,0.49,8.63084,76.96891
72,s1,0101-34,0.00,8.48368,76.94748
73,s3,0101-34,0.83,8.49113,76.94706
74,s4,0101-34,0.64,8.49683,76.94827
75,s5,0101-34,0.94,8.50471,76.95113
76,s31,0101-34,0.75,8.50848,76.94977
77,s32,0101-34,0.79,8.51411,76.94585
78,s33,0101-34,0.77,8.51971,76.94184
79,s73,0101-34,0.40,8.52303,76.94053
80,s74,0101-34,0.86,8.53031,76.93871
81,s37,0101-34,0.69,8.53514,76.94239
82,s75,0101-34,0.26,8.53731,76.94169
83,s76,0101-34,0.60,8.54248,76.94166
84,s77,0101-34,0.67,8.54624,76.94471
85,s78,0101-34,0.34,8.54859,76.94297
86,s42,0101-34,0.50,8.55262,76.94277
87,s79,0101-34,0.45,8.55643,76.94352
88,s80,0101-34,0.51,8.56104,76.94331
89,s81,0101-34,0.74,8.56756,76.94411
90,s82,0101-34,0.46,8.57075,76.94609
91,s83,0101-34,0.22,8.57210,76.94492
92,s84,0101-34,0.60,8.57675,76.94323
93,s85,0101-34,0.59,8.58073,76.94571
94,s86,0101-34,0.65,8.58486,76.94692
95,s87,0101-34,0.29,8.58478,76.94921
96,s52,0101-34,0.53,8.58856,76.94995
97,s53,0101-34,0.60,8.59221,76.95231
98,s88,0101-34,0.47,8.59414,76.95003
99,s89,0101-34,0.39,8.59615,76.94717
100,s90,0101-34,0.75,8.60182,76.94638
101,s91,0101-34,0.53,8.60487,76.94283
102,s92,0101-34,1.10,8.61373,76.93961
103,s93,0101-34,1.11,8.62271,76.93804
104,s94,0101-34,0.85,8.63002,76.93684
105,s95,0101-34,0.88,8.63729,76.93659
106,s96,0101-34,0.91,8.64347,76.93997
107,s97,0101-34,0.89,8.64887,76.94194
108,s98,0101-34,0.38,8.64722,76.94459
109,s99,0101-34,0.32,8.64778,76.94731
110,s100,0101-34,0.46,8.65105,76.94851
111,s101,0101-34,0.37,8.65397,76.94963
112,s102,0101-34,0.68,8.65866,76.95152
113,s103,0101-34,0.60,8.65832,76.95617
114,s104,0101-34,0.78,8.65661,76.96248
115,s105,0101-34,0.81,8.65105,76.96596
116,s106,0101-34,0.63,8.65325,76.96994
117,s107,0101-34,0.63,8.65683,76.97189
118,s1,0101-37,0.00,8.48157,76.94755
119,s108,0101-37,0.74,8.47531,76.94764
120,s109,0101-37,0.89,8.46809,76.94820
121,s110,0101-37,0.37,8.46483,76.94906
122,s111,0101-37,0.02,8.46496,76.94901
123,s112,0101-37,0.34,8.46212,76.95016
124,s113,0101-37,0.69,8.45610,76.95000
125,s114,0101-37,0.38,8.45291,76.95094
126,s115,0101-37,0.60,8.44804,76.95187
127,s116,0101-37,0.52,8.44344,76.95251
128,s117,0101-37,0.39,8.44107,76.95504
129,s118,0101-37,0.34,8.44123,76.95767
130,s119,0101-37,0.44,8.44326,76.95693
131,s120,0101-37,0.47,8.44655,76.95942
132,s121,0101-37,0.73,8.45198,76.96113
133,s122,0101-37,0.01,8.45202,76.96119
134,s123,0101-37,0.43,8.45186,76.96477
135,s124,0101-37,0.44,8.45201,76.96767
136,s125,0101-37,0.88,8.45684,76.97309
137,s126,0101-37,0.33,8.45905,76.97470
138,s127,0101-37,0.42,8.46209,76.97274
139,s128,0101-37,0.57,8.46723,76.97239
140,s129,0101-37,0.51,8.47053,76.97539
141,s130,0101-37,0.41,8.47332,76.97718
142,s131,0101-37,0.38,8.47540,76.97440
143,s132,0101-37,0.53,8.47834,76.97077
144,s133,0101-37,0.61,8.48181,76.96744
145,s134,0101-37,0.64,8.48119,76.96193
146,s135,0101-37,0.28,8.48134,76.95942
147,s136,0101-37,0.27,8.48211,76.95725
148,s137,0101-37,0.41,8.48442,76.95540
149,s138,0101-37,0.66,8.48743,76.95225
150,s139,0101-37,0.20,8.48771,76.95045
151,s140,0101-37,0.84,8.48344,76.94781
152,s1,0101-01,0.00,8.48193,76.94755
153,s141,0101-01,0.51,8.48059,76.94607
154,s142,0101-01,0.50,8.48094,76.94193
155,s143,0101-01,0.25,8.48302,76.94163
156,s144,0101-01,0.28,8.48336,76.93927
157,s145,0101-01,0.40,8.48117,76.93644
158,s146,0101-01,0.34,8.47960,76.93381
159,s147,0101-01,0.23,8.47848,76.93207
160,s148,0101-01,0.20,8.47756,76.93055
161,s149,0101-01,0.22,8.47587,76.92972
162,s12,0101-01,1.06,8.46822,76.93314
163,s150,0101-01,0.40,8.46674,76.92995
164,s151,0101-01,0.35,8.46862,76.92771
165,s152,0101-01,0.41,8.46526,76.92623
166,s153,0101-01,0.55,8.46745,76.92345
167,s154,0101-01,0.40,8.47102,76.92300
168,s155,0101-01,0.35,8.47344,76.92099
169,s156,0101-01,0.21,8.47478,76.91961
170,s157,0101-01,0.31,8.47590,76.91707
171,s158,0101-01,0.20,8.47580,76.91528
172,s159,0101-01,0.84,8.48137,76.91261
173,s160,0101-01,0.39,8.48402,76.91031
174,s161,0101-01,0.39,8.48633,76.90768
175,s162,0101-01,0.31,8.48842,76.90580
176,s163,0101-01,0.30,8.49049,76.90405
177,s164,0101-01,0.35,8.49293,76.90205
178,s165,0101-01,0.25,8.49465,76.90054
179,s1,0101-02,0.00,8.48170,76.94754
180,s166,0101-02,0.76,8.47522,76.94768
181,s167,0101-02,0.70,8.46977,76.94821
182,s109,0101-02,0.20,8.46799,76.94819
183,s111,0101-02,0.49,8.46382,76.94951
184,s168,0101-02,0.22,8.46200,76.95021
185,s169,0101-02,0.33,8.45901,76.95060
186,s170,0101-02,0.34,8.45610,76.94996
187,s114,0101-02,0.38,8.45289,76.95094
188,s115,0101-02,0.55,8.44850,76.95201
189,s116,0101-02,0.55,8.44367,76.95247
190,s171,0101-02,0.42,8.44109,76.95506
191,s172,0101-02,0.34,8.44107,76.95789
192,s173,0101-02,0.34,8.43973,76.96057
193,s174,0101-02,0.24,8.43780,76.96163
194,s175,0101-02,0.49,8.43399,76.96385
195,s176,0101-02,0.34,8.43160,76.96571
196,s177,0101-02,0.76,8.43076,76.97046
197,s178,0101-02,0.43,8.42724,76.97222
198,s179,0101-02,0.43,8.42342,76.97302
199,s180,0101-02,0.49,8.42268,76.97679
200,s181,0101-02,0.51,8.42524,76.98049
201,s182,0101-02,0.53,8.42689,76.98496
202,s183,0101-02,1.27,8.42595,76.99496
203,s184,0101-02,0.66,8.42623,77.00030
204,s185,0101-02,0.09,8.42594,77.00109
205,s186,0101-02,1.52,8.41632,77.00545
206,s187,0101-02,0.29,8.41412,77.00527
207,s188,0101-02,0.35,8.41273,77.00777
208,s189,0101-02,0.19,8.41245,77.00948
209,s190,0101-02,0.47,8.41035,77.01315
210,s191,0101-02,0.27,8.40908,77.01526
211,s192,0101-02,0.89,8.40206,77.01191
212,s193,0101-02,0.86,8.39680,77.00620
213,s194,0101-02,0.34,8.39646,77.00322
214,s195,0101-02,0.54,8.39410,76.99937
215,s196,0101-02,0.47,8.39090,76.99654
216,s197,0101-02,0.36,8.39109,76.99335
217,s198,0101-02,0.72,8.38485,76.99220
218,s199,0101-02,0.22,8.38286,76.99197
219,s200,0101-02,0.15,8.38160,76.99235
220,s1,0101-24,0.00,8.48207,76.94757
221,s141,0101-24,0.36,8.48067,76.94558
222,s142,0101-24,0.41,8.48061,76.94201
223,s201,0101-24,0.25,8.48291,76.94182
224,s143,0101-24,0.31,8.48342,76.93927
225,s145,0101-24,0.40,8.48124,76.93649
226,s146,0101-24,0.32,8.47964,76.93434
227,s202,0101-24,0.36,8.47687,76.93586
228,s203,0101-24,0.29,8.47424,76.93566
229,s204,0101-24,0.59,8.46962,76.93582
230,s205,0101-24,0.20,8.46871,76.93420
231,s206,0101-24,0.16,8.46803,76.93296
232,s207,0101-24,0.18,8.46733,76.93148
233,s208,0101-24,0.21,8.46688,76.92988
234,s151,0101-24,0.30,8.46869,76.92791
235,s209,0101-24,0.34,8.46601,76.92670
236,s210,0101-24,0.16,8.46473,76.92619
237,s211,0101-24,0.59,8.46059,76.92959
238,s212,0101-24,0.13,8.45988,76.93050
239,s213,0101-24,0.36,8.45733,76.93252
240,s214,0101-24,0.22,8.45600,76.93402
241,s1,0101-28,0.00,8.47971,76.94742
242,s166,0101-28,0.54,8.47525,76.94763
243,s167,0101-28,0.76,8.46926,76.94808
244,s109,0101-28,0.14,8.46798,76.94812
245,s215,0101-28,0.72,8.46187,76.95025
246,s169,0101-28,0.33,8.45893,76.95054
247,s170,0101-28,0.33,8.45612,76.94993
248,s114,0101-28,0.38,8.45287,76.95084
249,s216,0101-28,0.56,8.44845,76.95196
250,s116,0101-28,0.66,8.44273,76.95290
251,s217,0101-28,0.29,8.44112,76.95496
252,s172,0101-28,0.31,8.44105,76.95747
253,s218,0101-28,0.37,8.43975,76.96048
254,s219,0101-28,0.76,8.43385,76.96395
255,s220,0101-28,0.34,8.43150,76.96582
256,s177,0101-28,0.74,8.43076,76.97044
257,s221,0101-28,0.80,8.42403,76.97283
258,s222,0101-28,0.56,8.42274,76.97678
259,s223,0101-28,0.46,8.42505,76.98014
260,s224,0101-28,0.57,8.42695,76.98489
261,s225,0101-28,0.75,8.42472,76.99089
262,s183,0101-28,0.55,8.42610,76.99511
263,s226,0101-28,0.40,8.42715,76.99834
264,s185,0101-28,0.33,8.42604,77.00104
265,s227,0101-28,0.40,8.42737,77.00388
266,s228,0101-28,0.44,8.42874,77.00606
267,s229,0101-28,0.83,8.43122,77.01254
268,s230,0101-28,0.12,8.43172,77.01347
269,s231,0101-28,0.37,8.43249,77.01675
270,s232,0101-28,0.17,8.43212,77.01824
271,s233,0101-28,0.67,8.43155,77.02417
272,s234,0101-28,0.52,8.43198,77.02861
273,s235,0101-28,0.18,8.43203,77.03027
274,s236,0101-28,0.59,8.42950,77.03496
275,s237,0101-28,0.75,8.42698,77.04115
276,s238,0101-28,0.49,8.42569,77.04512
277,s239,0101-28,0.99,8.42052,77.05201
278,s240,0101-28,0.79,8.41754,77.05805
279,s241,0101-28,0.51,8.41461,77.06131
280,s242,0101-28,0.63,8.41111,77.06544
281,s243,0101-28,0.42,8.41115,77.06925
282,s244,0101-28,0.76,8.40852,77.07523
283,s245,0101-28,0.86,8.40601,77.08228
284,s246,0101-28,0.40,8.40356,77.08484
285,s247,0101-28,0.43,8.40100,77.08780
286,s248,0101-28,0.37,8.39758,77.08782
287,s249,0101-28,0.74,8.39390,77.09227
288,s250,0101-28,1.12,8.38895,77.10044
289,s251,0101-28,0.50,8.38912,77.10495
290,s252,0101-28,0.40,8.38892,77.10855
291,s253,0101-28,0.34,8.38774,77.11141
292,s254,0101-28,0.48,8.38574,77.11526
293,s255,0101-28,1.02,8.37932,77.12159
294,s256,0101-28,1.00,8.37339,77.12785
295,s257,0101-28,0.36,8.37128,77.13036
296,s258,0101-28,1.15,8.36423,77.13796
297,s259,0101-28,0.85,8.35750,77.14094
298,s260,0101-28,0.53,8.35501,77.14408
299,s261,0101-28,0.62,8.35089,77.14751
300,s262,0101-28,0.36,8.34822,77.14931
301,s263,0101-28,0.72,8.34288,77.15286
302,s264,0101-28,0.41,8.34174,77.15632
303,s265,0101-28,1.32,8.33580,77.16582
304,s266,0101-28,0.67,8.33465,77.17151
305,s1,0101-25,0.00,8.48625,76.94764
306,s3,0101-25,0.62,8.49121,76.94700
307,s4,0101-25,0.64,8.49686,76.94830
308,s5,0101-25,0.92,8.50451,76.95109
309,s31,0101-25,0.76,8.50838,76.94985
310,s267,0101-25,0.86,8.51415,76.94587
311,s268,0101-25,0.73,8.51939,76.94193
312,s34,0101-25,0.41,8.52279,76.94068
313,s269,0101-25,0.43,8.52627,76.93899
314,s74,0101-25,0.51,8.53050,76.93880
315,s37,0101-25,0.44,8.53339,76.94157
316,s270,0101-25,0.47,8.53723,76.94169
317,s271,0101-25,0.60,8.54245,76.94161
318,s77,0101-25,0.58,8.54612,76.94464
319,s272,0101-25,0.35,8.54860,76.94292
320,s42,0101-25,0.56,8.55293,76.94316
321,s273,0101-25,0.63,8.55862,76.94365
322,s44,0101-25,0.27,8.56101,76.94332
323,s274,0101-25,0.74,8.56748,76.94414
324,s82,0101-25,0.46,8.57064,76.94611
325,s83,0101-25,0.25,8.57225,76.94485
326,s275,0101-25,0.57,8.57667,76.94323
327,s85,0101-25,0.59,8.58069,76.94565
328,s276,0101-25,0.66,8.58489,76.94698
329,s87,0101-25,0.28,8.58485,76.94909
330,s277,0101-25,0.51,8.58835,76.94988
331,s278,0101-25,0.75,8.59275,76.95324
332,s279,0101-25,0.59,8.59491,76.95689
333,s280,0101-25,0.23,8.59563,76.95861
334,s281,0101-25,0.45,8.59783,76.95646
335,s282,0101-25,0.49,8.60111,76.95563
336,s283,0101-25,0.41,8.60179,76.95736
337,s284,0101-25,0.54,8.60550,76.95755
338,s285,0101-25,0.48,8.60942,76.95806
339,s286,0101-25,0.98,8.61340,76.95772
340,s287,0101-25,0.47,8.61681,76.95657
341,s288,0101-25,0.31,8.61882,76.95825
342,s289,0101-25,0.41,8.62174,76.95774
343,s1,0101-31,0.00,8.48408,76.94759
344,s3,0101-31,0.84,8.49143,76.94702
345,s4,0101-31,0.46,8.49548,76.94800
346,s5,0101-31,0.87,8.50287,76.94934
347,s7,0101-31,1.01,8.49926,76.94343
348,s290,0101-31,0.40,8.49931,76.93983
349,s8,0101-31,0.42,8.49753,76.93726
350,s9,0101-31,0.55,8.49679,76.93246
351,s291,0101-31,0.58,8.50065,76.93080
352,s292,0101-31,0.09,8.50116,76.93142
353,s293,0101-31,0.24,8.50312,76.93179
354,s294,0101-31,0.36,8.50628,76.93123
355,s295,0101-31,0.30,8.50851,76.92969
356,s296,0101-31,0.23,8.51035,76.92880
357,s297,0101-31,0.23,8.51206,76.92763
358,s298,0101-31,0.23,8.51422,76.92741
359,s299,0101-31,0.25,8.51644,76.92756
360,s300,0101-31,0.72,8.52242,76.93009
361,s301,0101-31,0.94,8.53081,76.92881
362,s302,0101-31,0.58,8.53547,76.92708
363,s303,0101-31,0.25,8.53754,76.92627
364,s304,0101-31,0.37,8.54032,76.92444
365,s305,0101-31,0.34,8.54298,76.92293
366,s306,0101-31,0.61,8.54788,76.92126
367,s307,0101-31,0.55,8.54962,76.91696
368,s1,0101-23,0.00,8.48316,76.94840
369,s139,0101-23,0.88,8.48798,76.94986
370,s136,0101-23,1.30,8.48241,76.95736
371,s135,0101-23,0.36,8.48145,76.95997
372,s308,0101-23,0.21,8.48125,76.96189
373,s133,0101-23,0.55,8.48204,76.96660
374,s309,0101-23,0.88,8.47720,76.97175
375,s130,0101-23,0.86,8.47282,76.97809
376,s310,0101-23,0.22,8.47157,76.97966
377,s311,0101-23,0.20,8.47040,76.98103
378,s312,0101-23,1.15,8.46518,76.99004
379,s313,0101-23,0.32,8.46318,76.99219
380,s314,0101-23,0.39,8.46089,76.99488
381,s315,0101-23,0.36,8.45913,76.99762
382,s316,0101-23,0.38,8.45715,77.00043
383,s317,0101-23,0.44,8.45432,77.00327
384,s318,0101-23,0.62,8.45142,77.00800
385,s319,0101-23,0.33,8.44971,77.01047
386,s320,0101-23,0.81,8.44523,77.01563
387,s321,0101-23,0.50,8.44164,77.01834
388,s322,0101-23,0.60,8.43847,77.02275
389,s323,0101-23,0.65,8.43477,77.02677
390,s324,0101-23,0.49,8.43233,77.03044
391,s325,0101-23,1.37,8.42695,77.04137
392,s238,0101-23,0.56,8.42503,77.04557
393,s326,0101-23,0.58,8.42038,77.04321
394,s327,0101-23,0.51,8.41604,77.04169
395,s328,0101-23,0.51,8.41220,77.03910
396,s329,0101-23,0.28,8.41055,77.03712
397,s330,0101-23,0.23,8.40905,77.03563
398,s331,0101-23,0.41,8.40573,77.03401
399,s332,0101-23,0.35,8.40326,77.03209
400,s333,0101-23,0.20,8.40191,77.03081
401,s334,0101-23,0.32,8.39974,77.02887
402,s335,0101-23,0.65,8.39585,77.02448
403,s336,0101-23,0.17,8.39468,77.02365
404,s337,0101-23,0.54,8.39017,77.02205
405,s338,0101-23,0.33,8.38756,77.02058
406,s339,0101-23,0.47,8.38363,77.01919
407,s340,0101-23,0.33,8.38074,77.01833
408,s341,0101-23,0.26,8.37852,77.01776
409,s342,0101-23,0.61,8.37323,77.01642
410,s343,0101-23,0.21,8.37144,77.01609
411,s344,0101-23,0.28,8.36924,77.01480
412,s345,0101-23,0.48,8.36537,77.01300
413,s346,0101-23,0.27,8.36329,77.01442
414,s347,0101-23,0.83,8.35688,77.01153
415,s1,0101-26,0.00,8.48207,76.94757
416,s28,0101-26,0.97,8.49073,76.94709
417,s4,0101-26,0.70,8.49694,76.94828
418,s5,0101-26,0.91,8.50456,76.95110
419,s31,0101-26,0.84,8.50887,76.94935
420,s32,0101-26,0.84,8.51455,76.94549
421,s33,0101-26,0.60,8.51879,76.94220
422,s34,0101-26,0.50,8.52291,76.94057
423,s348,0101-26,0.44,8.52654,76.93894
424,s36,0101-26,0.44,8.53019,76.93868
425,s37,0101-26,0.78,8.53580,76.94227
426,s349,0101-26,0.21,8.53758,76.94165
427,s39,0101-26,0.55,8.54226,76.94154
428,s40,0101-26,0.62,8.54628,76.94466
429,s350,0101-26,0.48,8.54981,76.94241
430,s42,0101-26,0.41,8.55303,76.94302
431,s43,0101-26,0.33,8.55585,76.94347
432,s351,0101-26,0.58,8.56099,76.94328
433,s45,0101-26,0.74,8.56769,76.94406
434,s46,0101-26,0.50,8.57109,76.94587
435,s47,0101-26,0.29,8.57294,76.94422
436,s49,0101-26,1.07,8.58074,76.94569
437,s51,0101-26,1.03,8.58483,76.94958
438,s52,0101-26,0.30,8.58743,76.94997
439,s53,0101-26,0.81,8.59253,76.95287
440,s55,0101-26,0.96,8.59527,76.95937
441,s57,0101-26,0.65,8.59859,76.96290
442,s58,0101-26,0.58,8.60264,76.96469
443,s352,0101-26,0.30,8.60513,76.96487
444,s60,0101-26,0.20,8.60588,76.96637
445,s61,0101-26,0.28,8.60660,76.96854
446,s353,0101-26,0.33,8.60939,76.96888
447,s63,0101-26,0.61,8.61438,76.96902
448,s64,0101-26,0.24,8.61606,76.96788
449,s354,0101-26,0.30,8.61835,76.96653
450,s355,0101-26,1.00,8.62665,76.96620
451,s356,0101-26,0.16,8.62572,76.96699
452,s1,0101-29,0.00,8.48221,76.94775
453,s357,0101-29,0.86,8.47561,76.94943
454,s358,0101-29,0.14,8.47466,76.95031
455,s359,0101-29,0.21,8.47379,76.95187
456,s360,0101-29,0.30,8.47123,76.95256
457,s361,0101-29,0.32,8.46868,76.95394
458,s362,0101-29,0.24,8.46675,76.95473
459,s363,0101-29,0.37,8.46725,76.95801
460,s364,0101-29,0.35,8.46640,76.96090
461,s365,0101-29,0.34,8.46720,76.96391
462,s366,0101-29,0.41,8.46544,76.96700
463,s367,0101-29,0.34,8.46370,76.96582
464,s368,0101-29,0.21,8.46184,76.96557
465,s369,0101-29,0.30,8.45937,76.96520
466,s370,0101-29,0.28,8.45697,76.96480
467,s371,0101-29,0.28,8.45652,76.96235
468,s372,0101-29,0.38,8.45769,76.95937
469,s1,0101-03,0.00,8.48507,76.94766
470,s373,0101-03,0.82,8.49132,76.94706
471,s4,0101-03,0.74,8.49786,76.94844
472,s5,0101-03,0.79,8.50433,76.95112
473,s374,0101-03,0.70,8.50839,76.95398
474,s375,0101-03,1.17,8.51197,76.96353
475,s376,0101-03,0.97,8.51309,76.97202
476,s377,0101-03,0.60,8.51407,76.97719
477,s378,0101-03,0.24,8.51405,76.97926
478,s379,0101-03,0.94,8.52137,76.97968
479,s380,0101-03,0.52,8.52297,76.98400
480,s381,0101-03,0.62,8.52493,76.98897
481,s382,0101-03,0.52,8.52946,76.99002
482,s383,0101-03,0.72,8.53569,76.99075
483,s384,0101-03,0.60,8.54107,76.98939
484,s385,0101-03,0.77,8.54724,76.98701
485,s386,0101-03,1.08,8.55226,76.99297
486,s387,0101-03,0.42,8.55535,76.99482
487,s388,0101-03,0.65,8.55647,76.99884
488,s389,0101-03,0.39,8.55666,77.00187
489,s390,0101-03,0.69,8.55408,77.00678
490,s391,0101-03,0.85,8.55236,77.01394
491,s392,0101-03,0.34,8.55045,77.01543
492,s393,0101-03,0.99,8.54956,77.02401
493,s394,0101-03,0.39,8.54922,77.02746
494,s395,0101-03,1.54,8.54545,77.03782
495,s396,0101-03,0.53,8.54176,77.03861
496,s397,0101-03,0.81,8.53892,77.04372
497,s398,0101-03,0.44,8.54025,77.04734
498,s399,0101-03,1.11,8.54250,77.05566
499,s400,0101-03,0.43,8.54551,77.05498
500,s401,0101-03,0.90,8.54581,77.06270
501,s106,0101-03,0.19,8.54662,77.06403
502,s402,0101-03,0.99,8.55095,77.06691
503,s403,0101-03,0.79,8.54905,77.07273
504,s404,0101-03,0.45,8.54677,77.07586
505,s405,0101-03,0.85,8.54321,77.08097
506,s406,0101-03,1.03,8.53717,77.08673
507,s407,0101-03,0.46,8.53309,77.08675
508,s408,0101-03,0.47,8.52899,77.08700
509,s409,0101-03,0.29,8.52632,77.08652
510,s410,0101-03,0.84,8.51938,77.08523
511,s410,0101-03,0.33,8.51646,77.08523
512,s411,0101-03,0.73,8.51040,77.08336
513,s412,0101-03,0.39,8.50763,77.08180
514,s413,0101-03,0.11,8.50682,77.08161
515,s1,0101-04,0.00,8.48155,76.94738
516,s357,0101-04,0.77,8.47520,76.94749
517,s414,0101-04,0.65,8.47005,76.94816
518,s109,0101-04,0.22,8.46813,76.94811
519,s415,0101-04,0.35,8.46503,76.94901
520,s215,0101-04,0.34,8.46217,76.95010
521,s416,0101-04,0.35,8.45908,76.95053
522,s417,0101-04,0.33,8.45620,76.95006
523,s114,0101-04,0.40,8.45286,76.95099
524,s418,0101-04,0.56,8.44841,76.95190
525,s116,0101-04,0.60,8.44308,76.95253
526,s419,0101-04,0.34,8.44113,76.95495
527,s420,0101-04,0.34,8.44115,76.95772
528,s173,0101-04,0.40,8.43946,76.96081
529,s421,0101-04,0.65,8.43424,76.96367
530,s422,0101-04,0.41,8.43143,76.96596
531,s177,0101-04,0.74,8.43078,76.97059
532,s221,0101-04,0.85,8.42347,76.97300
533,s180,0101-04,0.52,8.42245,76.97714
534,s423,0101-04,0.93,8.41842,76.98405
535,s424,0101-04,0.21,8.41767,76.98554
536,s425,0101-04,1.07,8.42286,76.98415
537,s426,0101-05,0.00,8.48352,76.94748
538,s427,0101-05,0.84,8.49096,76.94719
539,s4,0101-05,0.64,8.49664,76.94819
540,s5,0101-05,0.94,8.50447,76.95108
541,#N/A,0101-05,0.75,8.50827,76.94999
542,#N/A,0101-05,0.90,8.51417,76.94576
543,s33,0101-05,0.74,8.51981,76.94174
544,s34,0101-05,0.39,8.52295,76.94054
545,s428,0101-05,0.40,8.52623,76.93896
546,s36,0101-05,0.47,8.53028,76.93869
547,s37,0101-05,0.69,8.53521,76.94237
548,s38,0101-05,0.25,8.53731,76.94168
549,s39,0101-05,0.59,8.54241,76.94159
550,s40,0101-05,0.58,8.54604,76.94465
551,s350,0101-05,0.35,8.54853,76.94299
552,s42,0101-05,0.50,8.55266,76.94272
553,s429,0101-05,0.42,8.55624,76.94352
554,s351,0101-05,0.52,8.56089,76.94328
555,s430,0101-05,0.75,8.56751,76.94406
556,s46,0101-05,0.47,8.57064,76.94611
557,s83,0101-05,0.40,8.57329,76.94412
558,s48,0101-05,0.48,8.57719,76.94325
559,s49,0101-05,0.55,8.58079,76.94571
560,s431,0101-05,0.64,8.58479,76.94693
561,s432,0101-05,0.31,8.58482,76.94918
562,s52,0101-05,0.47,8.58812,76.94996
563,s53,0101-05,0.67,8.59229,76.95253
564,s433,0101-05,1.48,8.59037,76.94393
565,s434,0101-05,0.87,8.59522,76.93858
566,s435,0101-05,0.25,8.59373,76.93732
567,s436,0101-05,0.30,8.59611,76.93662
568,s437,0101-05,0.39,8.59707,76.93326
569,s438,0101-05,0.39,8.59969,76.93095
570,s439,0101-05,0.31,8.60120,76.92865
571,s440,0101-05,0.48,8.60499,76.92689
572,s441,0101-05,0.50,8.60927,76.92832
573,s442,0101-05,0.61,8.61411,76.92714
574,s443,0101-05,0.69,8.61881,76.92506
575,s444,0101-05,0.80,8.62331,76.92966
576,s445,0101-05,0.24,8.62462,76.93138
577,s446,0101-05,0.52,8.62665,76.92743
578,s447,0101-05,0.74,8.63195,76.92560
579,s448,0101-05,0.40,8.63165,76.92910
580,s449,0101-05,0.60,8.63080,76.93396
581,s450,0101-05,0.34,8.62995,76.93675
582,s95,0101-05,0.82,8.63721,76.93604
583,s1,0101-33,0.00,8.48186,76.94748
584,s166,0101-33,0.79,8.47522,76.94755
585,s167,0101-33,0.62,8.46969,76.94817
586,s109,0101-33,0.17,8.46816,76.94820
587,s111,0101-33,0.38,8.46491,76.94905
588,s451,0101-33,0.34,8.46205,76.95018
589,s169,0101-33,0.35,8.45891,76.95061
590,s452,0101-33,0.33,8.45604,76.95006
591,s114,0101-33,0.38,8.45284,76.95096
592,s453,0101-33,0.54,8.44851,76.95204
593,s116,0101-33,0.57,8.44346,76.95250
594,s454,0101-33,0.40,8.44110,76.95512
595,s455,0101-33,0.34,8.44105,76.95792
596,s456,0101-33,0.34,8.43773,76.96176
597,s457,0101-33,0.25,8.43791,76.96159
598,s458,0101-33,0.21,8.43380,76.96397
599,s220,0101-33,0.36,8.43122,76.96592
600,s459,0101-33,0.27,8.43528,76.96281
601,s460,0101-33,0.50,8.42706,76.96750
602,s461,0101-33,0.84,8.41984,76.96839
603,s462,0101-33,0.34,8.41721,76.96954
604,s463,0101-33,0.57,8.41287,76.97153
605,s464,0101-33,0.32,8.41060,76.97333
606,s465,0101-33,0.48,8.40725,76.97610
607,s466,0101-33,0.42,8.40410,76.97830
608,s467,0101-33,0.74,8.39871,76.98198
609,s468,0101-33,0.43,8.39565,76.98037
610,s469,0101-33,0.60,8.39167,76.97724
611,s470,0101-33,0.44,8.39158,76.97488
612,s1,0101-06,0.00,8.48324,76.94738
613,s373,0101-06,0.97,8.49119,76.94706
614,s4,0101-06,0.70,8.49654,76.94817
615,s5,0101-06,0.91,8.50469,76.95115
616,s31,0101-06,0.84,8.50824,76.95000
617,s32,0101-06,0.84,8.51421,76.94576
618,s268,0101-06,0.60,8.51989,76.94177
619,s471,0101-06,0.50,8.52301,76.94049
620,s472,0101-06,0.44,8.52617,76.93893
621,s36,0101-06,0.44,8.53025,76.93863
622,s37,0101-06,0.78,8.53534,76.94237
623,s270,0101-06,0.21,8.53727,76.94165
624,s473,0101-06,0.55,8.54234,76.94156
625,s474,0101-06,0.62,8.54614,76.94471
626,s41,0101-06,0.48,8.54907,76.94272
627,s42,0101-06,0.41,8.55262,76.94275
628,s475,0101-06,0.33,8.55616,76.94355
629,s80,0101-06,0.58,8.56101,76.94326
630,s476,0101-06,0.74,8.56767,76.94404
631,s477,0101-06,0.50,8.57062,76.94607
632,s83,0101-06,0.23,8.57212,76.94492
633,s275,0101-06,0.29,8.57697,76.94323
634,s85,0101-06,0.57,8.58071,76.94567
635,s276,0101-06,0.66,8.58492,76.94692
636,s52,0101-06,0.83,8.58871,76.94980
637,s99,0101-06,0.46,8.59086,76.94697
638,s478,0101-06,0.38,8.59033,76.94394
639,s479,0101-06,0.39,8.59245,76.94170
640,s480,0101-06,0.51,8.59528,76.93831
641,s481,0101-06,0.25,8.59373,76.93732
642,s1,0101-07,0.00,8.48220,76.94769
643,s166,0101-07,0.84,8.47586,76.94925
644,s482,0101-07,0.13,8.47501,76.95003
645,s483,0101-07,0.26,8.47378,76.95189
646,s484,0101-07,0.30,8.47127,76.95266
647,s485,0101-07,0.32,8.46867,76.95395
648,s289,0101-07,0.25,8.46673,76.95484
649,s486,0101-07,0.35,8.46717,76.95796
650,s487,0101-07,0.31,8.46639,76.96050
651,s488,0101-07,0.40,8.46716,76.96398
652,s489,0101-07,0.40,8.46554,76.96699
653,s490,0101-07,0.28,8.46400,76.96865
654,s491,0101-07,0.33,8.46197,76.97083
655,s1,0101-08,0.00,8.48226,76.94780
656,s166,0101-08,0.86,8.47578,76.94933
657,s358,0101-08,0.17,8.47458,76.95042
658,s492,0101-08,0.18,8.47388,76.95181
659,s484,0101-08,0.31,8.47126,76.95261
660,s485,0101-08,0.31,8.46875,76.95392
661,s289,0101-08,0.26,8.46671,76.95484
662,s493,0101-08,0.35,8.46724,76.95801
663,s487,0101-08,0.26,8.46644,76.96016
664,s494,0101-08,0.45,8.46715,76.96408
665,s366,0101-08,0.39,8.46550,76.96703
666,s490,0101-08,0.29,8.46383,76.96878
667,s495,0101-08,0.31,8.46194,76.97082
668,s1,0101-35,0,8.48297,76.94744
669,s3,0101-35,0.93,8.49121,76.94700
670,s496,0101-35,1.33,8.50279,76.94930
671,s5,0101-35,0.23,8.50322,76.94859
672,s7,0101-35,1.02,8.49920,76.94105
673,s497,0101-35,0.58,8.49751,76.93716
674,s8,0101-35,0.42,8.49685,76.93339
675,s498,0101-35,0.53,8.49505,76.92916
676,s499,0101-35,0.66,8.49881,76.92450
677,s500,0101-35,0.41,8.50112,76.92159
678,s501,0101-35,0.38,8.50329,76.91887
679,s502,0101-35,0.37,8.50543,76.91625
680,s503,0101-35,0.31,8.50721,76.91405
681,s504,0101-35,0.17,8.50845,76.91330
682,s505,0101-35,0.59,8.51069,76.90901
683,s506,0101-35,0.29,8.51143,76.90676
684,s507,0101-35,0.12,8.51130,76.90577
685,s508,0101-35,0.62,8.51574,76.90282
686,s509,0101-35,0.16,8.51705,76.90224
687,s510,0101-35,0.39,8.51793,76.89945
688,s1,0101-09,0.00,8.48183,76.94750
689,s166,0101-09,0.79,8.47535,76.94757
690,s511,0101-09,0.46,8.47446,76.94399
691,s512,0101-09,0.19,8.47365,76.94260
692,s513,0101-09,0.35,8.47153,76.94051
693,s514,0101-09,0.23,8.47054,76.93878
694,s11,0101-09,0.36,8.46949,76.93581
695,s515,0101-09,0.29,8.46701,76.93605
696,s516,0101-09,0.49,8.46319,76.93844
697,s517,0101-09,0.37,8.46069,76.94054
698,s518,0101-09,0.41,8.45779,76.94273
699,s1,0101-10,0.00,8.48193,76.94744
700,s166,0101-10,0.79,8.47525,76.94764
701,s519,0101-10,0.28,8.47339,76.94743
702,s520,0101-10,0.28,8.47232,76.94505
703,s521,0101-10,0.28,8.47113,76.94283
704,s522,0101-10,0.15,8.47051,76.94162
705,s523,0101-10,0.25,8.46928,76.93970
706,s524,0101-10,0.28,8.46786,76.93759
707,s525,0101-10,0.17,8.46705,76.93633
708,s526,0101-10,0.50,8.46325,76.93850
709,s288,0101-10,0.34,8.46089,76.94041
710,s527,0101-10,0.42,8.45785,76.94273
711,s1,0101-11,0.00,8.48144,76.94736
712,s528,0101-11,0.72,8.47531,76.94772
713,s529,0101-11,0.89,8.46815,76.94815
714,s530,0101-11,0.71,8.46211,76.95014
715,s170,0101-11,0.69,8.45607,76.95004
716,s114,0101-11,0.39,8.45277,76.95096
717,s418,0101-11,0.54,8.44846,76.95196
718,s171,0101-11,0.94,8.44115,76.95487
719,s531,0101-11,0.36,8.44107,76.95785
720,s218,0101-11,0.59,8.43778,76.96164
721,s532,0101-11,0.50,8.43389,76.96383
722,s533,0101-11,0.35,8.43147,76.96590
723,s177,0101-11,0.74,8.43074,76.97046
724,s534,0101-11,0.53,8.42644,76.97236
725,s535,0101-11,0.33,8.42351,76.97298
726,s536,0101-11,0.51,8.42270,76.97690
727,s537,0101-11,0.43,8.42496,76.98001
728,s224,0101-11,0.59,8.42688,76.98499
729,s538,0101-11,0.52,8.42539,76.98932
730,s183,0101-11,0.73,8.42595,76.99496
731,s332,0101-11,0.43,8.42715,76.99835
732,s185,0101-11,0.33,8.42594,77.00109
733,s539,0101-11,0.45,8.42382,77.00452
734,s540,0101-11,0.36,8.42197,77.00721
735,s541,0101-11,0.19,8.42127,77.00882
736,s542,0101-11,0.47,8.41990,77.01284
737,s543,0101-11,0.17,8.41941,77.01427
738,s544,0101-11,0.70,8.41705,77.02009
739,s1,0101-12,0.00,8.48174,76.94746
740,s166,0101-12,0.80,8.47524,76.94752
741,s167,0101-12,0.67,8.46994,76.94820
742,s109,0101-12,0.21,8.46808,76.94816
743,s111,0101-12,0.39,8.46473,76.94912
744,s168,0101-12,0.32,8.46207,76.95017
745,s169,0101-12,0.34,8.45905,76.95060
746,s170,0101-12,0.35,8.45601,76.95000
747,s114,0101-12,0.41,8.45255,76.95095
748,s545,0101-12,0.40,8.44976,76.94871
749,s546,0101-12,0.17,8.44862,76.94768
750,s547,0101-12,0.21,8.44724,76.94641
751,s548,0101-12,0.24,8.44564,76.94498
752,s549,0101-12,0.24,8.44367,76.94410
753,s550,0101-12,0.34,8.44103,76.94535
754,s1,0101-13,0.00,8.48363,76.94752
755,s373,0101-13,0.80,8.49109,76.94708
756,s551,0101-13,0.70,8.49661,76.94826
757,s5,0101-13,0.91,8.50463,76.95117
758,s31,0101-13,0.84,8.50836,76.94989
759,s552,0101-13,0.76,8.51389,76.94598
760,s268,0101-13,0.77,8.51965,76.94181
761,s34,0101-13,0.40,8.52298,76.94053
762,s553,0101-13,0.35,8.52569,76.93914
763,s36,0101-13,0.53,8.53022,76.93867
764,s37,0101-13,0.69,8.53501,76.94239
765,s554,0101-13,0.19,8.53657,76.94192
766,s555,0101-13,0.66,8.54253,76.94164
767,s339,0101-13,0.59,8.54603,76.94463
768,s556,0101-13,0.35,8.54846,76.94305
769,s557,0101-13,0.56,8.55295,76.94293
770,s558,0101-13,0.36,8.55610,76.94358
771,s559,0101-13,0.51,8.56065,76.94323
772,s560,0101-13,0.67,8.56302,76.93807
773,s561,0101-13,0.46,8.56342,76.93395
774,s562,0101-13,0.22,8.56521,76.93375
775,s563,0101-13,0.44,8.56874,76.93248
776,s564,0101-13,0.57,8.57243,76.92909
777,s565,0101-13,0.47,8.57290,76.92538
778,s566,0101-13,0.44,8.57681,76.92534
779,s1,0101-14,0.00,8.48317,76.94746
780,s3,0101-14,0.82,8.49116,76.94704
781,s567,0101-14,0.74,8.49778,76.94841
782,s5,0101-14,0.79,8.50419,76.95104
783,s374,0101-14,0.70,8.50844,76.95387
784,s568,0101-14,0.53,8.50969,76.95831
785,s375,0101-14,0.64,8.51202,76.96355
786,s569,0101-14,0.43,8.51175,76.96747
787,s376,0101-14,0.54,8.51304,76.97204
788,s570,0101-14,0.19,8.51350,76.97359
789,s571,0101-14,0.40,8.51406,76.97717
790,s572,0101-14,0.37,8.51332,76.97930
791,s573,0101-14,0.51,8.51243,76.98385
792,s574,0101-14,0.56,8.51023,76.98657
793,s575,0101-14,0.42,8.51304,76.98775
794,s576,0101-14,0.54,8.51448,76.98927
795,s577,0101-14,0.25,8.51335,76.99113
796,s578,0101-14,0.43,8.51116,76.99375
797,s1,0101-15,0.00,8.48320,76.94752
798,s373,0101-15,0.82,8.49110,76.94703
799,s4,0101-15,0.74,8.49760,76.94845
800,s5,0101-15,0.79,8.50283,76.94941
801,s579,0101-15,0.70,8.50832,76.95396
802,s375,0101-15,1.17,8.51189,76.96362
803,s580,0101-15,0.43,8.51164,76.96750
804,s376,0101-15,0.54,8.51307,76.97203
805,s581,0101-15,0.19,8.51338,76.97353
806,s378,0101-15,0.40,8.51396,76.97715
807,s379,0101-15,1.17,8.52129,76.97960
808,s582,0101-15,0.26,8.52226,76.98167
809,s583,0101-15,0.25,8.52284,76.98376
810,s381,0101-15,0.67,8.52495,76.98919
811,s584,0101-15,0.33,8.52571,76.99199
812,s585,0101-15,0.43,8.52597,76.99523
813,s586,0101-15,0.53,8.52985,76.99760
814,s587,0101-15,0.57,8.53316,77.00090
815,s588,0101-15,0.50,8.53593,77.00274
816,s589,0101-15,0.59,8.53382,77.00680
817,s590,0101-15,0.48,8.53226,77.01037
818,s414,0101-15,0.41,8.53394,77.01355
819,s288,0101-15,0.25,8.53507,77.01552
820,s591,0101-15,0.32,8.53694,77.01741
821,s592,0101-15,0.52,8.53885,77.02160
822,s1,0101-16,0.00,8.48166,76.94746
823,s166,0101-16,0.77,8.47527,76.94753
824,s167,0101-16,0.67,8.47000,76.94819
825,s109,0101-16,0.20,8.46816,76.94816
826,s111,0101-16,0.40,8.46472,76.94911
827,s168,0101-16,0.31,8.46214,76.95014
828,s169,0101-16,0.42,8.45842,76.95067
829,s170,0101-16,0.28,8.45604,76.94999
830,s593,0101-16,0.39,8.45286,76.95093
831,s418,0101-16,0.54,8.44836,76.95195
832,s116,0101-16,0.53,8.44375,76.95239
833,s171,0101-16,0.44,8.44109,76.95512
834,s172,0101-16,0.33,8.44113,76.95787
835,s218,0101-16,0.34,8.43973,76.96052
836,s174,0101-16,0.25,8.43787,76.96168
837,s594,0101-16,0.53,8.43374,76.96405
838,s220,0101-16,0.33,8.43155,76.96584
839,s177,0101-16,0.76,8.43088,76.97031
840,s595,0101-16,0.31,8.43272,76.96840
841,s596,0101-16,0.30,8.43501,76.96863
842,s597,0101-16,0.25,8.43625,76.97008
843,s598,0101-16,0.44,8.43852,76.96996
844,s599,0101-16,0.34,8.44052,76.97194
845,s600,0101-16,0.23,8.44225,76.97278
846,s601,0101-16,0.35,8.44498,76.97345
847,s602,0101-16,0.23,8.44710,76.97330
848,s603,0101-16,0.30,8.44856,76.97536
849,s1,0101-17,0.00,8.48114,76.94744
850,s166,0101-17,0.77,8.47515,76.94746
851,s167,0101-17,0.67,8.47019,76.94821
852,s109,0101-17,0.20,8.46812,76.94819
853,s168,0101-17,0.71,8.46195,76.95023
854,s169,0101-17,0.42,8.45927,76.95064
855,s170,0101-17,0.28,8.45608,76.95001
856,s114,0101-17,0.39,8.45284,76.95094
857,s216,0101-17,0.54,8.44858,76.95204
858,s116,0101-17,0.53,8.44330,76.95254
859,s171,0101-17,0.44,8.44107,76.95509
860,s172,0101-17,0.33,8.44127,76.95759
861,s604,0101-17,0.44,8.44316,76.95670
862,s120,0101-17,0.45,8.44620,76.95913
863,s605,0101-17,0.22,8.44591,76.96092
864,s606,0101-17,0.32,8.44448,76.96343
865,s607,0101-17,0.20,8.44485,76.96507
866,s608,0101-17,0.36,8.44557,76.96734
867,s609,0101-17,0.20,8.44447,76.96884
868,s610,0101-17,0.24,8.44415,76.97079
869,s601,0101-17,0.31,8.44507,76.97338
870,s611,0101-17,0.23,8.44725,76.97326
871,s603,0101-17,0.30,8.44862,76.97528
872,s1,0101-18,0.00,8.48161,76.94754
873,s166,0101-18,0.77,8.47520,76.94751
874,s167,0101-18,0.67,8.46999,76.94824
875,s109,0101-18,0.20,8.46809,76.94818
876,s111,0101-18,0.40,8.46479,76.94912
877,s530,0101-18,0.31,8.46206,76.95017
878,s169,0101-18,0.42,8.45914,76.95064
879,s170,0101-18,0.28,8.45606,76.95002
880,s593,0101-18,0.39,8.45283,76.95099
881,s216,0101-18,0.54,8.44847,76.95196
882,s116,0101-18,0.53,8.44365,76.95245
883,s171,0101-18,0.44,8.44105,76.95512
884,s172,0101-18,0.33,8.44108,76.95791
885,s218,0101-18,0.34,8.43981,76.96036
886,s612,0101-18,0.25,8.43775,76.96172
887,s594,0101-18,0.53,8.43344,76.96409
888,s220,0101-18,0.33,8.43153,76.96582
889,s613,0101-18,0.76,8.43091,76.97041
890,s614,0101-18,0.31,8.43270,76.97031
891,s615,0101-18,0.38,8.43565,76.97175
892,s616,0101-18,0.33,8.43727,76.97321
893,s617,0101-18,0.31,8.43884,76.97550
894,s618,0101-18,0.33,8.44090,76.97748
895,s619,0101-18,0.32,8.44229,76.97966
896,s620,0101-18,0.25,8.44413,76.97879
897,s621,0101-18,0.27,8.44636,76.97782
898,s603,0101-18,0.40,8.44857,76.97533
899,s1,0101-36,0.00,8.48324,76.94743
900,s3,0101-36,0.88,8.49113,76.94700
901,s4,0101-36,0.63,8.49668,76.94832
902,s5,0101-36,0.73,8.50283,76.94933
903,s7,0101-36,1.04,8.49924,76.94315
904,s8,0101-36,0.82,8.49742,76.93701
905,s9,0101-36,0.41,8.49678,76.93331
906,s499,0101-36,0.65,8.49426,76.92811
907,s622,0101-36,0.68,8.49175,76.92255
908,s195,0101-36,0.52,8.48866,76.91909
909,s623,0101-36,0.35,8.49031,76.91680
910,s624,0101-36,0.61,8.49154,76.91255
911,s625,0101-36,0.31,8.49364,76.91068
912,s626,0101-36,0.41,8.49618,76.90800
913,s627,0101-36,0.54,8.49980,76.90476
914,s628,0101-36,0.48,8.50303,76.90183
915,s629,0101-36,0.51,8.50643,76.89865
916,s630,0101-36,0.47,8.50937,76.89554
917,s631,0101-36,0.55,8.51232,76.89181
918,s632,0101-36,0.78,8.51265,76.88476
919,s633,0101-36,0.34,8.51507,76.88276
920,s634,0101-36,0.47,8.51846,76.88015
921,s635,0101-36,0.43,8.52151,76.87768
922,s636,0101-36,0.66,8.52504,76.88211
923,s637,0101-36,1.41,8.53679,76.87751
924,s638,0101-36,0.83,8.54302,76.87354
925,s639,0101-36,0.55,8.54668,76.87056
926,s640,0101-36,0.42,8.54968,76.86819
927,s641,0101-36,0.68,8.54771,76.86269
928,s642,0101-36,0.43,8.54671,76.85889
929,s643,0101-36,0.57,8.54992,76.85543
930,s644,0101-36,0.37,8.55256,76.85339
931,s645,0101-36,0.43,8.55557,76.85096
932,s646,0101-36,0.66,8.56017,76.84714
933,s647,0101-36,0.75,8.56535,76.84288
934,s648,0101-36,0.99,8.57240,76.83729
935,s1,0101-19,0.00,8.48166,76.94756
936,s166,0101-19,0.77,8.47521,76.94751
937,s167,0101-19,0.69,8.46977,76.94821
938,s109,0101-19,0.19,8.46814,76.94821
939,s111,0101-19,0.46,8.46382,76.94951
940,s168,0101-19,0.29,8.46151,76.95031
941,s169,0101-19,0.29,8.45901,76.95060
942,s170,0101-19,0.35,8.45602,76.95000
943,s114,0101-19,0.38,8.45292,76.95088
944,s216,0101-19,0.54,8.44860,76.95206
945,s116,0101-19,0.55,8.44392,76.95236
946,s419,0101-19,0.41,8.44113,76.95494
947,s172,0101-19,0.34,8.44111,76.95776
948,s218,0101-19,0.40,8.43952,76.96073
949,s174,0101-19,0.24,8.43750,76.96182
950,s458,0101-19,0.41,8.43387,76.96387
951,s220,0101-19,0.41,8.43151,76.96585
952,s177,0101-19,0.74,8.43074,76.97046
953,s502,0101-19,0.25,8.42864,76.97167
954,s534,0101-19,0.17,8.42724,76.97222
955,s649,0101-19,0.40,8.42358,76.97297
956,s222,0101-19,0.55,8.42250,76.97697
957,s650,0101-19,0.33,8.42062,76.97923
958,s651,0101-19,0.62,8.41830,76.98437
959,s652,0101-19,0.18,8.41741,76.98572
960,s653,0101-19,0.42,8.41458,76.98613
961,s654,0101-19,0.56,8.41050,76.98801
962,s655,0101-19,0.41,8.40782,76.98953
963,s656,0101-19,0.45,8.40734,76.99298
964,s657,0101-19,0.61,8.40217,76.99476
965,s658,0101-19,0.54,8.40051,76.99919
966,s659,0101-19,0.69,8.39649,77.00353
967,s193,0101-19,0.39,8.39733,77.00672
968,s660,0101-19,0.17,8.39818,77.00776
969,s661,0101-19,0.12,8.39909,77.00845
970,s662,0101-19,0.49,8.40196,77.01171
971,s663,0101-19,0.47,8.40524,77.01399
972,s664,0101-19,0.44,8.40913,77.01529
973,s72,0101-19,0.28,8.41134,77.01635
974,s665,0101-19,0.24,8.41321,77.01757
975,s666,0101-19,0.29,8.41551,77.01904
976,s667,0101-19,0.21,8.41710,77.02025
977,s668,0101-19,0.42,8.42054,77.02133
978,s669,0101-19,0.55,8.42535,77.02247
979,s670,0101-19,0.29,8.42794,77.02300
980,s233,0101-19,0.45,8.43144,77.02434
981,s671,0101-19,0.40,8.43148,77.02767
982,s235,0101-19,0.33,8.43194,77.03070
983,s236,0101-19,0.89,8.42976,77.03428
984,s672,0101-19,0.84,8.42696,77.04094
985,s673,0101-19,0.52,8.42476,77.04652
986,s239,0101-19,1.09,8.41919,77.05267
987,s674,0101-19,0.33,8.41664,77.05176
988,s675,0101-19,0.46,8.41270,77.05089
989,s676,0101-19,0.30,8.41012,77.05169
990,s677,0101-19,0.89,8.40624,77.05196
991,s678,0101-19,0.50,8.40618,77.05567
992,s679,0101-20,0.00,8.48317,76.94743
993,s373,0101-20,0.90,8.49120,76.94698
994,s4,0101-20,0.63,8.49669,76.94822
995,s680,0101-20,0.73,8.50261,76.94922
996,s681,0101-20,1.03,8.49924,76.94334
997,s497,0101-20,0.23,8.49919,76.94102
998,s8,0101-20,0.82,8.49735,76.93707
999,s9,0101-20,0.41,8.49680,76.93344
1000,s682,0101-20,0.66,8.49425,76.92816
1001,s622,0101-20,0.68,8.49174,76.92264
1002,s195,0101-20,0.52,8.48862,76.91916
1003,s623,0101-20,0.34,8.49023,76.91681
1004,s683,0101-20,0.49,8.49069,76.91339
1005,s684,0101-20,0.44,8.49366,76.91072
1006,s626,0101-20,0.37,8.49575,76.90812
1007,s685,0101-20,0.29,8.49433,76.90673
1008,s686,0101-20,0.40,8.49160,76.90853
1009,s687,0101-20,0.46,8.48904,76.91100
1010,s688,0101-20,1.13,8.48128,76.91260
1011,s689,0101-20,0.37,8.48375,76.91046
1012,s690,0101-20,0.39,8.48611,76.90787
1013,s691,0101-20,0.29,8.48807,76.90600
1014,s692,0101-20,0.68,8.49285,76.90202
1015,s693,0101-20,0.26,8.49444,76.90068
1016,s628,0101-20,0.59,8.49845,76.89688
1017,s694,0101-20,0.54,8.50200,76.89348
1018,s694,0101-20,0.37,8.50474,76.89179
1019,s695,0101-20,0.30,8.50738,76.89046
1020,s696,0101-20,0.30,8.50991,76.88990
1021,s697,0101-20,0.23,8.51123,76.89145
1022,s1,0101-21,0.00,8.48161,76.94755
1023,s528,0101-21,0.76,8.47525,76.94768
1024,s414,0101-21,0.68,8.46999,76.94822
1025,s109,0101-21,0.21,8.46823,76.94813
1026,s111,0101-21,0.33,8.46492,76.94905
1027,s168,0101-21,0.39,8.46215,76.95015
1028,s169,0101-21,0.32,8.45906,76.95062
1029,s170,0101-21,0.35,8.45596,76.94995
1030,s114,0101-21,0.38,8.45292,76.95093
1031,s418,0101-21,0.54,8.44854,76.95199
1032,s116,0101-21,0.55,8.44371,76.95245
1033,s171,0101-21,0.41,8.44115,76.95504
1034,s172,0101-21,0.34,8.44114,76.95792
1035,s218,0101-21,0.34,8.43977,76.96049
1036,s457,0101-21,0.27,8.43777,76.96174
1037,s698,0101-21,0.28,8.43531,76.96287
1038,s594,0101-21,0.17,8.43423,76.96373
1039,s220,0101-21,0.36,8.43166,76.96570
1040,s177,0101-21,0.77,8.43076,76.97045
1041,s502,0101-21,0.27,8.42865,76.97156
1042,s534,0101-21,0.17,8.42723,76.97213
1043,s699,0101-21,0.43,8.42348,76.97297
1044,s222,0101-21,0.52,8.42243,76.97705
1045,s650,0101-21,0.34,8.42062,76.97928
1046,s700,0101-21,0.59,8.41841,76.98410
1047,s424,0101-21,0.20,8.41741,76.98577
1048,s701,0101-21,0.42,8.41477,76.98602
1049,s702,0101-21,0.56,8.41036,76.98813
1050,s703,0101-21,0.41,8.40774,76.98941
1051,s704,0101-21,0.45,8.40735,76.99291
1052,s288,0101-21,0.31,8.40462,76.99350
1053,s705,0101-21,0.35,8.40211,76.99478
1054,s706,0101-21,0.49,8.40043,76.99916
1055,s658,0101-21,0.23,8.39879,76.99985
1056,s707,0101-21,0.47,8.39654,77.00326
1057,s1,0101-38,0.00,8.48358,76.94739
1058,s3,0101-38,0.89,8.49114,76.94706
1059,s4,0101-38,0.69,8.49682,76.94827
1060,s5,0101-38,0.88,8.50453,76.95114
1061,s31,0101-38,0.75,8.50836,76.94987
1062,s32,0101-38,0.86,8.51407,76.94580
1063,s33,0101-38,0.76,8.51978,76.94181
1064,s708,0101-38,0.39,8.52304,76.94054
1065,s709,0101-38,0.44,8.52640,76.93896
1066,s710,0101-38,0.45,8.53031,76.93872
1067,s37,0101-38,0.71,8.53523,76.94242
1068,s270,0101-38,0.27,8.53726,76.94170
1069,s711,0101-38,0.55,8.54249,76.94163
1070,s712,0101-38,0.62,8.54619,76.94466
1071,s713,0101-38,0.34,8.54862,76.94293
1072,s714,0101-38,0.51,8.55288,76.94289
1073,s715,0101-38,0.39,8.55622,76.94352
1074,s44,0101-38,0.54,8.56095,76.94328
1075,s274,0101-38,0.74,8.56748,76.94414
1076,s82,0101-38,0.43,8.57064,76.94611
1077,s716,0101-38,0.23,8.57196,76.94514
1078,s717,0101-38,0.63,8.67430,76.91098
1079,s718,0101-38,1.19,8.58063,76.94548
1080,s276,0101-38,0.66,8.58489,76.94698
1081,s87,0101-38,0.29,8.58485,76.94909
1082,s52,0101-38,0.53,8.58828,76.94990
1083,s53,0101-38,0.60,8.59217,76.95237
1084,s88,0101-38,0.47,8.59389,76.95019
1085,s719,0101-38,0.40,8.59398,76.95011
1086,s720,0101-38,0.75,8.60178,76.94634
1087,s721,0101-38,0.52,8.60491,76.94276
1088,s722,0101-38,0.72,8.61050,76.94015
1089,s723,0101-38,0.37,8.61371,76.93958
1090,s93,0101-38,1.12,8.62267,76.93802
1091,s724,0101-38,0.19,8.62440,76.93767
1092,s725,0101-38,0.66,8.63027,76.93684
1093,s95,0101-38,0.87,8.63732,76.93564
1094,s726,0101-38,0.68,8.64011,76.93044
1095,s727,0101-38,0.59,8.64489,76.92822
1096,s728,0101-38,0.89,8.65259,76.92773
1097,s729,0101-38,0.58,8.65437,76.92305
1098,s730,0101-38,0.58,8.65790,76.92016
1099,s731,0101-38,0.68,8.66199,76.91613
1100,s732,0101-38,0.44,8.66274,76.91247
1101,s733,0101-38,0.42,8.66594,76.91152
1102,s734,0101-38,0.32,8.66879,76.91151
1103,s735,0101-38,0.41,8.67807,76.91022
1104,s1,0101-22,0.00,8.48193,76.94755
1105,s141,0101-22,0.28,8.48059,76.94607
1106,s142,0101-22,0.51,8.48094,76.94193
1107,s143,0101-22,0.25,8.48302,76.94163
1108,s144,0101-22,0.26,8.48336,76.93927
1109,s145,0101-22,0.40,8.48117,76.93644
1110,s146,0101-22,0.30,8.47960,76.93381
1111,s147,0101-22,0.28,8.47848,76.93207
1112,s148,0101-22,0.21,8.47756,76.93055
1113,s149,0101-22,0.22,8.47587,76.92972
1114,s12,0101-22,1.06,8.46822,76.93314
1115,s150,0101-22,0.36,8.46674,76.92995
1116,s151,0101-22,0.35,8.46862,76.92771
1117,s152,0101-22,0.43,8.46526,76.92623
1118,s153,0101-22,0.47,8.46745,76.92345
1119,s154,0101-22,0.31,8.47102,76.92300
1120,s155,0101-22,0.34,8.47344,76.92099
1121,s156,0101-22,0.20,8.47478,76.91961
1122,s157,0101-22,0.32,8.47590,76.91707
1123,s158,0101-22,0.23,8.47580,76.91528
1124,s159,0101-22,0.76,8.48137,76.91261
1125,s160,0101-22,0.39,8.48402,76.91031
1126,s161,0101-22,0.38,8.48633,76.90768
1127,s162,0101-22,0.29,8.48842,76.90580
1128,s163,0101-22,0.32,8.49049,76.90405
1129,s164,0101-22,0.34,8.49293,76.90205
1130,s165,0101-22,0.27,8.49465,76.90054
1131,s1,0101-30,0.00,8.48306,76.94744
1132,s736,0101-30,0.86,8.48052,76.94206
1133,s737,0101-30,0.59,8.48330,76.93919
1134,s738,0101-30,0.79,8.48051,76.93348
1135,s739,0101-30,0.61,8.48456,76.92975
1136,s740,0101-30,1.15,8.49215,76.92260
1137,s741,0101-30,1.15,8.49957,76.91536
1138,s742,0101-30,0.90,8.50527,76.90954
1139,s743,0101-30,0.38,8.50733,76.90686
1140,s22,0101-30,0.40,8.50970,76.90407
1141,s414,0101-30,1.02,8.51645,76.89777
1142,s744,0101-30,1.10,8.52385,76.89119
1143,s745,0101-30,0.76,8.52877,76.88636
1144,s746,0101-30,0.12,8.52953,76.88559
1145,s747,0101-30,0.56,8.53338,76.88236
1146,s748,0101-30,0.52,8.53724,76.87962
1147,s749,0101-30,0.34,8.53971,76.87783
1148,s750,0101-30,0.63,8.54529,76.87715
1149,s751,0101-30,0.59,8.55059,76.87695
1150,s752,0101-30,0.83,8.55804,76.87629
1151,s753,0101-30,1.21,8.56637,76.87330
1152,s754,0101-30,2.40,8.57589,76.86801
1153,s755,0101-30,0.40,8.57875,76.86571
1154,s756,0101-30,0.60,8.58305,76.86235
1155,s757,0101-30,0.64,8.58758,76.85879
1156,s26,0132-01,0.00,8.49889,76.91368
1157,s758,0132-01,0.86,8.50478,76.90860
1158,s24,0132-01,0.42,8.50734,76.90574
1159,s23,0132-01,0.41,8.50840,76.90261
1160,s22,0132-01,0.31,8.50982,76.90385
1161,s21,0132-01,0.28,8.51131,76.90590
1162,s20,0132-01,0.27,8.51113,76.90817
1163,s19,0132-01,0.11,8.51071,76.90911
1164,s18,0132-01,0.18,8.50929,76.90981
1165,s17,0132-01,0.40,8.50852,76.91327
1166,s16,0132-01,0.17,8.50731,76.91413
1167,s759,0132-01,0.29,8.50559,76.91611
1168,s14,0132-01,0.39,8.50341,76.91889
1169,s13,0132-01,0.38,8.50122,76.92155
1170,s11,0132-01,0.59,8.49786,76.92575
1171,s10,0132-01,0.48,8.49511,76.92917
1172,s9,0132-01,0.34,8.49637,76.93169
1173,s8,0132-01,0.40,8.49708,76.93528
1174,s7,0132-01,1.13,8.49948,76.94415
1175,s5,0132-01,0.65,8.50319,76.94826
1176,s5,0132-01,0.38,8.50251,76.95020
1177,s760,0132-01,0.59,8.49756,76.94835
1178,s2,0132-01,1.02,8.48846,76.94744
1179,s1,0132-01,0.62,8.48337,76.94801
1180,s72,0127-01,0.00,8.63085,76.96900
1181,s761,0127-01,0.43,8.62825,76.97137
1182,s70,0127-01,0.50,8.62401,76.97034
1183,s68,0127-01,0.65,8.62680,76.96641
1184,s67,0127-01,0.27,8.62463,76.96622
1185,s9,0127-01,0.17,8.62362,76.96737
1186,s66,0127-01,0.27,8.62129,76.96661
1187,s65,0127-01,0.34,8.61869,76.96644
1188,s64,0127-01,0.33,8.61610,76.96791
1189,s63,0127-01,0.24,8.61444,76.96910
1190,s62,0127-01,0.62,8.60939,76.96898
1191,s61,0127-01,0.30,8.60680,76.96875
1192,s762,0127-01,0.31,8.60578,76.96641
1193,s59,0127-01,0.19,8.60522,76.96488
1194,s763,0127-01,0.36,8.60222,76.96469
1195,s57,0127-01,0.51,8.59861,76.96304
1196,s502,0127-01,0.15,8.59820,76.96224
1197,s55,0127-01,0.53,8.59537,76.95959
1198,s54,0127-01,0.44,8.59501,76.95642
1199,s53,0127-01,0.53,8.59252,76.95299
1200,s52,0127-01,0.68,8.58849,76.95004
1201,s432,0127-01,0.49,8.58456,76.94933
1202,s50,0127-01,0.33,8.58476,76.94691
1203,s49,0127-01,0.67,8.58051,76.94554
1204,s48,0127-01,0.43,8.57784,76.94341
1205,s83,0127-01,0.70,8.57237,76.94476
1206,s46,0127-01,0.29,8.57040,76.94610
1207,s764,0127-01,0.38,8.56801,76.94411
1208,s351,0127-01,0.84,8.56064,76.94349
1209,s765,0127-01,0.52,8.55601,76.94372
1210,s766,0127-01,0.34,8.55296,76.94320
1211,s41,0127-01,0.55,8.54873,76.94310
1212,s40,0127-01,0.38,8.54605,76.94490
1213,s39,0127-01,0.61,8.54246,76.94187
1214,s38,0127-01,0.61,8.53734,76.94185
1215,s37,0127-01,0.37,8.53413,76.94228
1216,s36,0127-01,0.77,8.52872,76.93892
1217,s767,0127-01,0.25,8.52644,76.93911
1218,s768,0127-01,0.43,8.52300,76.94077
1219,s33,0127-01,0.56,8.51843,76.94278
1220,s32,0127-01,0.58,8.51426,76.94604
1221,s31,0127-01,0.67,8.50937,76.94922
1222,s30,0127-01,0.43,8.50850,76.95222
1223,s5,0127-01,0.28,8.50598,76.95183
1224,s29,0127-01,0.37,8.50283,76.95057
1225,s4,0127-01,0.61,8.49783,76.94866
1226,s27,0127-01,1.07,8.48833,76.94756
1227,s1,0127-01,0.60,8.48336,76.94799
1228,s107,0134-01,0.00,8.65677,76.97191
1229,s106,0134-01,0.61,8.65344,76.97011
1230,s105,0134-01,0.65,8.65102,76.96591
1231,s104,0134-01,0.80,8.65654,76.96253
1232,s769,0134-01,0.83,8.65842,76.95589
1233,s770,0134-01,0.59,8.65867,76.95130
1234,s101,0134-01,0.69,8.65361,76.94958
1235,s100,0134-01,0.34,8.65092,76.94855
1236,s771,0134-01,0.44,8.64777,76.94741
1237,s99,0134-01,0.36,8.64719,76.94428
1238,s99,0134-01,0.44,8.64846,76.94107
1239,s96,0134-01,0.81,8.64321,76.93997
1240,s95,0134-01,1.01,8.63667,76.93635
1241,s725,0134-01,0.84,8.62923,76.93706
1242,s93,0134-01,0.79,8.62247,76.93820
1243,s723,0134-01,1.10,8.61358,76.93967
1244,s721,0134-01,1.05,8.60512,76.94269
1245,s90,0134-01,0.58,8.60175,76.94655
1246,s89,0134-01,0.78,8.59582,76.94754
1247,s88,0134-01,0.36,8.59406,76.95022
1248,s53,0134-01,0.38,8.59251,76.95295
1249,s52,0134-01,0.68,8.58843,76.95003
1250,s772,0134-01,0.51,8.58470,76.94919
1251,s773,0134-01,0.30,8.58478,76.94700
1252,s85,0134-01,0.69,8.58052,76.94542
1253,s84,0134-01,0.58,8.57648,76.94327
1254,s83,0134-01,0.58,8.57219,76.94505
1255,s82,0134-01,0.23,8.57058,76.94617
1256,s81,0134-01,0.43,8.56767,76.94412
1257,s80,0134-01,0.84,8.56033,76.94350
1258,s774,0134-01,0.49,8.55595,76.94364
1259,s42,0134-01,0.35,8.55289,76.94308
1260,s713,0134-01,0.54,8.54870,76.94317
1261,s712,0134-01,0.38,8.54589,76.94490
1262,s76,0134-01,0.69,8.54187,76.94151
1263,s270,0134-01,0.54,8.53724,76.94186
1264,s37,0134-01,0.37,8.53402,76.94216
1265,s74,0134-01,0.78,8.52851,76.93886
1266,s73,0134-01,0.66,8.52301,76.94076
1267,s33,0134-01,0.59,8.51823,76.94287
1268,s32,0134-01,0.51,8.51456,76.94571
1269,s31,0134-01,0.78,8.50898,76.94950
1270,s5,0134-01,0.50,8.50736,76.95209
1271,s775,0134-01,0.14,8.50613,76.95185
1272,s776,0134-01,0.43,8.50250,76.95033
1273,s4,0134-01,0.63,8.49727,76.94853
1274,s2,0134-01,0.91,8.48928,76.94740
1275,s1,0134-01,0.71,8.48334,76.94801
1276,s165,0102-01,0.00,8.49500,76.90035
1277,s777,0102-01,0.33,8.49274,76.90228
1278,s163,0102-01,0.33,8.49044,76.90423
1279,s162,0102-01,0.34,8.48805,76.90613
1280,s161,0102-01,0.28,8.48622,76.90788
1281,s160,0102-01,0.37,8.48396,76.91037
1282,s159,0102-01,0.41,8.48121,76.91281
1283,s158,0102-01,0.84,8.47585,76.91563
1284,s778,0102-01,0.15,8.47599,76.91696
1285,s779,0102-01,0.34,8.47481,76.91976
1286,s155,0102-01,0.19,8.47360,76.92101
1287,s780,0102-01,0.32,8.47135,76.92287
1288,s153,0102-01,0.33,8.46850,76.92327
1289,s152,0102-01,0.59,8.46466,76.92611
1290,s151,0102-01,0.51,8.46869,76.92782
1291,s150,0102-01,0.38,8.46683,76.93032
1292,s12,0102-01,0.34,8.46816,76.93303
1293,s781,0102-01,0.88,8.47537,76.93099
1294,s148,0102-01,0.40,8.47762,76.93046
1295,s147,0102-01,0.22,8.47868,76.93211
1296,s782,0102-01,0.32,8.48018,76.93458
1297,s145,0102-01,0.27,8.48140,76.93672
1298,s144,0102-01,0.41,8.48359,76.93963
1299,s143,0102-01,0.28,8.48276,76.94190
1300,s142,0102-01,0.20,8.48094,76.94193
1301,s141,0102-01,0.52,8.48060,76.94624
1302,s1,0102-01,0.29,8.48289,76.94666
1303,s200,0101-01,0.00,8.38159,76.99233
1304,s199,0101-01,0.14,8.38280,76.99189
1305,s198,0101-01,0.27,8.38520,76.99217
1306,s197,0101-01,0.66,8.39099,76.99321
1307,s196,0101-01,0.38,8.39090,76.99647
1308,s195,0101-01,0.52,8.39440,76.99951
1309,s194,0101-01,0.55,8.39647,77.00359
1310,s193,0101-01,0.34,8.39710,77.00646
1311,s192,0101-01,0.79,8.40200,77.01168
1312,s191,0101-01,0.90,8.40896,77.01525
1313,s190,0101-01,0.30,8.41039,77.01291
1314,s189,0101-01,0.45,8.41230,77.00942
1315,s188,0101-01,0.20,8.41268,77.00762
1316,s187,0101-01,0.38,8.41421,77.00497
1317,s186,0101-01,0.26,8.41633,77.00540
1318,s185,0101-01,1.53,8.42595,77.00092
1319,s184,0101-01,0.08,8.42611,77.00025
1320,s183,0101-01,0.75,8.42571,76.99419
1321,s182,0101-01,1.22,8.42674,76.98463
1322,s181,0101-01,0.57,8.42482,76.97988
1323,s180,0101-01,0.42,8.42264,76.97692
1324,s179,0101-01,0.50,8.42344,76.97291
1325,s178,0101-01,0.45,8.42739,76.97202
1326,s177,0101-01,0.41,8.43067,76.97046
1327,s422,0101-01,0.79,8.43164,76.96545
1328,s175,0101-01,0.30,8.43382,76.96387
1329,s174,0101-01,0.55,8.43807,76.96143
1330,s173,0101-01,0.21,8.43964,76.96049
1331,s783,0101-01,0.35,8.44100,76.95777
1332,s171,0101-01,0.31,8.44091,76.95518
1333,s116,0101-01,0.48,8.44400,76.95224
1334,s115,0101-01,0.59,8.44928,76.95203
1335,s114,0101-01,0.44,8.45265,76.95095
1336,s170,0101-01,0.41,8.45616,76.94996
1337,s169,0101-01,0.34,8.45905,76.95055
1338,s451,0101-01,0.36,8.46222,76.95005
1339,s111,0101-01,0.24,8.46420,76.94921
1340,s784,0101-01,0.38,8.46747,76.94824
1341,s167,0101-01,0.43,8.47135,76.94819
1342,s166,0101-01,0.29,8.47387,76.94741
1343,s1,0101-01,0.99,8.48172,76.94737
1344,s214,0124-01,0.00,8.45598,76.93403
1345,s213,0124-01,0.31,8.45787,76.93193
1346,s785,0124-01,0.24,8.45960,76.93065
1347,s211,0124-01,0.13,8.46037,76.92983
1348,s152,0124-01,0.60,8.46453,76.92630
1349,s786,0124-01,0.23,8.46639,76.92693
1350,s151,0124-01,0.28,8.46872,76.92778
1351,s787,0124-01,0.37,8.46681,76.93018
1352,s147,0124-01,0.36,8.46820,76.93315
1353,s788,0124-01,0.14,8.46879,76.93428
1354,s204,0124-01,0.18,8.46959,76.93572
1355,s789,0124-01,0.55,8.47375,76.93564
1356,s202,0124-01,0.42,8.47752,76.93572
1357,s790,0124-01,0.38,8.48022,76.93463
1358,s145,0124-01,0.25,8.48135,76.93658
1359,s143,0124-01,0.42,8.48358,76.93956
1360,s201,0124-01,0.30,8.48267,76.94194
1361,s142,0124-01,0.27,8.48054,76.94227
1362,s141,0124-01,0.39,8.48066,76.94583
1363,s1,0124-01,0.50,8.48285,76.94677
1364,s791,0128-01,0.00,8.33465,77.17174
1365,s265,0128-01,0.80,8.33617,77.16488
1366,s264,0128-01,1.26,8.34188,77.15586
1367,s570,0128-01,0.39,8.34312,77.15262
1368,s262,0128-01,0.68,8.34819,77.14911
1369,s261,0128-01,0.36,8.35086,77.14734
1370,s260,0128-01,0.58,8.35472,77.14414
1371,s259,0128-01,0.67,8.35833,77.14031
1372,s792,0128-01,0.87,8.36508,77.13706
1373,s257,0128-01,1.02,8.37116,77.13027
1374,s256,0128-01,0.37,8.37330,77.12782
1375,s255,0128-01,1.14,8.37969,77.12044
1376,s254,0128-01,0.89,8.38569,77.11513
1377,s253,0128-01,0.47,8.38763,77.11142
1378,s793,0128-01,0.36,8.38885,77.10844
1379,s251,0128-01,0.36,8.38897,77.10516
1380,s250,0128-01,0.51,8.38866,77.10058
1381,s249,0128-01,1.20,8.39441,77.09196
1382,s794,0128-01,0.63,8.39703,77.08812
1383,s794,0128-01,0.51,8.40156,77.08728
1384,s549,0128-01,0.21,8.40278,77.08580
1385,s245,0128-01,0.55,8.40602,77.08212
1386,s795,0128-01,0.84,8.40840,77.07524
1387,s243,0128-01,0.79,8.41101,77.06903
1388,s796,0128-01,0.37,8.41101,77.06563
1389,s797,0128-01,0.66,8.41466,77.06114
1390,s240,0128-01,0.47,8.41741,77.05819
1391,s239,0128-01,0.68,8.41941,77.05254
1392,s798,0128-01,0.58,8.42264,77.04897
1393,s238,0128-01,0.53,8.42551,77.04519
1394,s672,0128-01,0.45,8.42686,77.04164
1395,s236,0128-01,0.78,8.42932,77.03509
1396,s235,0128-01,0.55,8.43186,77.03084
1397,s234,0128-01,0.38,8.43135,77.02754
1398,s233,0128-01,0.43,8.43162,77.02392
1399,s232,0128-01,0.63,8.43207,77.01832
1400,s231,0128-01,0.20,8.43241,77.01658
1401,s799,0128-01,0.39,8.43144,77.01316
1402,s229,0128-01,0.31,8.43016,77.01075
1403,s228,0128-01,0.57,8.42859,77.00627
1404,s227,0128-01,0.50,8.42703,77.00387
1405,s800,0128-01,0.38,8.42598,77.00092
1406,s226,0128-01,0.32,8.42708,76.99828
1407,s183,0128-01,0.42,8.42590,76.99501
1408,s801,0128-01,0.74,8.42535,76.98924
1409,s224,0128-01,0.54,8.42677,76.98490
1410,s223,0128-01,0.59,8.42483,76.97996
1411,s222,0128-01,0.43,8.42259,76.97687
1412,s221,0128-01,0.59,8.42427,76.97274
1413,s502,0128-01,0.52,8.42879,76.97155
1414,s177,0128-01,0.24,8.43064,76.97049
1415,s220,0128-01,0.79,8.43165,76.96549
1416,s219,0128-01,0.28,8.43366,76.96393
1417,s218,0128-01,0.74,8.43946,76.96069
1418,s172,0128-01,0.35,8.44091,76.95792
1419,s217,0128-01,0.32,8.44083,76.95526
1420,s116,0128-01,0.48,8.44389,76.95231
1421,s216,0128-01,0.46,8.44802,76.95180
1422,s593,0128-01,0.60,8.45278,76.95087
1423,s170,0128-01,0.39,8.45615,76.94987
1424,s169,0128-01,0.32,8.45887,76.95052
1425,s168,0128-01,0.31,8.46166,76.95019
1426,s168,0128-01,0.02,8.46186,76.95017
1427,s109,0128-01,0.63,8.46719,76.94826
1428,s167,0128-01,0.37,8.47055,76.94817
1429,s166,0128-01,0.38,8.47384,76.94738
1430,s1,0128-01,0.95,8.48136,76.94735
1431,s289,0125-01,0.00,8.62170,76.95785
1432,s288,0125-01,0.44,8.61840,76.95825
1433,s287,0125-01,0.30,8.61645,76.95671
1434,s286,0125-01,0.42,8.61332,76.95784
1435,s802,0125-01,1.02,8.60904,76.95809
1436,s284,0125-01,0.44,8.60547,76.95766
1437,s803,0125-01,0.55,8.60179,76.95730
1438,s282,0125-01,0.41,8.60107,76.95573
1439,s281,0125-01,0.47,8.59792,76.95669
1440,s804,0125-01,0.45,8.59569,76.95870
1441,s279,0125-01,0.36,8.59508,76.95630
1442,s278,0125-01,0.53,8.59250,76.95296
1443,s277,0125-01,0.70,8.58843,76.95008
1444,s87,0125-01,0.48,8.58459,76.94929
1445,s276,0125-01,0.51,8.58324,76.94694
1446,s85,0125-01,0.48,8.58055,76.94548
1447,s275,0125-01,0.62,8.57615,76.94327
1448,s83,0125-01,0.55,8.57218,76.94508
1449,s82,0125-01,0.25,8.57035,76.94604
1450,s274,0125-01,0.43,8.56748,76.94414
1451,s44,0125-01,0.81,8.56039,76.94352
1452,s273,0125-01,0.21,8.55850,76.94380
1453,s42,0125-01,0.62,8.55293,76.94316
1454,s805,0125-01,0.57,8.54854,76.94321
1455,s712,0125-01,0.34,8.54607,76.94477
1456,s271,0125-01,0.62,8.54196,76.94153
1457,s270,0125-01,0.54,8.53734,76.94186
1458,s37,0125-01,0.37,8.53407,76.94221
1459,s36,0125-01,0.75,8.52875,76.93883
1460,s269,0125-01,0.26,8.52643,76.93908
1461,s34,0125-01,0.42,8.52311,76.94070
1462,s268,0125-01,0.59,8.51836,76.94278
1463,s32,0125-01,0.55,8.51443,76.94590
1464,s31,0125-01,0.83,8.50892,76.94963
1465,s806,0125-01,0.44,8.50781,76.95214
1466,s807,0125-01,0.20,8.50602,76.95179
1467,s5,0125-01,0.39,8.50272,76.95043
1468,s4,0125-01,0.68,8.49712,76.94844
1469,s2,0125-01,0.88,8.48929,76.94734
1470,s1,0125-01,0.61,8.48379,76.94779
1471,s808,0131-01,0.00,8.55341,76.91698
1472,s809,0131-01,0.54,8.55655,76.92054
1473,s810,0131-01,0.42,8.55802,76.92348
1474,s811,0131-01,0.26,8.55727,76.92571
1475,s812,0131-01,0.35,8.55573,76.92843
1476,s813,0131-01,0.29,8.55394,76.93002
1477,s814,0131-01,0.26,8.55178,76.93089
1478,s815,0131-01,0.21,8.55072,76.93221
1479,s816,0131-01,0.28,8.54832,76.93296
1480,s817,0131-01,0.42,8.54480,76.93329
1481,s818,0131-01,0.27,8.54253,76.93390
1482,s612,0131-01,0.24,8.54123,76.93559
1483,s819,0131-01,0.37,8.53829,76.93715
1484,s270,0131-01,0.62,8.53703,76.94192
1485,s37,0131-01,0.35,8.53402,76.94218
1486,s74,0131-01,0.74,8.52890,76.93878
1487,s820,0131-01,0.64,8.52349,76.94038
1488,s34,0131-01,0.37,8.52045,76.94184
1489,s33,0131-01,0.29,8.51818,76.94290
1490,s32,0131-01,0.54,8.51435,76.94593
1491,s31,0131-01,0.80,8.50901,76.94946
1492,s30,0131-01,0.48,8.50762,76.95211
1493,s821,0131-01,0.30,8.50489,76.95152
1494,s5,0131-01,0.30,8.50246,76.95031
1495,s4,0131-01,0.56,8.49787,76.94858
1496,s2,0131-01,0.98,8.48928,76.94746
1497,s1,0131-01,0.62,8.48368,76.94778
1498,s347,0123-01,0.00,8.35690,77.01162
1499,s346,0123-01,0.85,8.36341,77.01417
1500,s822,0123-01,0.25,8.36541,77.01287
1501,s823,0123-01,0.47,8.36922,77.01466
1502,s343,0123-01,0.31,8.37155,77.01606
1503,s342,0123-01,0.18,8.37315,77.01634
1504,s824,0123-01,0.22,8.37511,77.01634
1505,s825,0123-01,0.35,8.37807,77.01746
1506,s826,0123-01,0.39,8.38151,77.01832
1507,s339,0123-01,0.24,8.38350,77.01906
1508,s338,0123-01,0.55,8.38815,77.02069
1509,s56,0123-01,0.31,8.39053,77.02210
1510,s827,0123-01,0.52,8.39477,77.02352
1511,s828,0123-01,0.31,8.39689,77.02546
1512,s829,0123-01,0.53,8.40009,77.02907
1513,s192,0123-01,0.24,8.40173,77.03051
1514,s332,0123-01,0.28,8.40360,77.03223
1515,s830,0123-01,0.46,8.40699,77.03440
1516,s831,0123-01,0.26,8.40909,77.03554
1517,s831,0123-01,0.23,8.41055,77.03695
1518,s832,0123-01,0.14,8.41135,77.03797
1519,s833,0123-01,0.17,8.41238,77.03909
1520,s323,0123-01,0.56,8.41660,77.04179
1521,s326,0123-01,0.30,8.41921,77.04264
1522,s238,0123-01,0.78,8.42533,77.04534
1523,s834,0123-01,0.49,8.42689,77.04147
1524,s236,0123-01,0.83,8.42957,77.03457
1525,s324,0123-01,0.52,8.43201,77.03060
1526,s323,0123-01,0.53,8.43469,77.02668
1527,s322,0123-01,0.76,8.43910,77.02194
1528,s321,0123-01,0.48,8.44147,77.01831
1529,s835,0123-01,0.49,8.44503,77.01566
1530,s836,0123-01,0.70,8.44901,77.01133
1531,s318,0123-01,0.47,8.45143,77.00781
1532,s317,0123-01,0.58,8.45411,77.00329
1533,s315,0123-01,0.39,8.45660,77.00086
1534,s316,0123-01,0.16,8.45753,76.99970
1535,s314,0123-01,0.62,8.46065,76.99501
1536,s313,0123-01,0.64,8.46446,76.99071
1537,s312,0123-01,0.43,8.46665,76.98745
1538,s311,0123-01,0.85,8.47036,76.98070
1539,s310,0123-01,0.46,8.47307,76.97753
1540,s837,0123-01,0.06,8.47337,76.97708
1541,s838,0123-01,0.31,8.47512,76.97476
1542,s839,0123-01,0.33,8.47674,76.97227
1543,s133,0123-01,0.85,8.48176,76.96749
1544,s308,0123-01,0.43,8.48092,76.96379
1545,s135,0123-01,0.51,8.48130,76.95924
1546,s136,0123-01,0.28,8.48245,76.95718
1547,s840,0123-01,0.35,8.48431,76.95568
1548,s841,0123-01,0.62,8.48720,76.95298
1549,s139,0123-01,0.29,8.48772,76.95039
1550,s139,0123-01,0.26,8.48800,76.94805
1551,s1,0123-01,0.53,8.48385,76.94780
1552,s842,0126-01,0.00,8.62407,76.96690
1553,#N/A,0126-01,1.20,8.62159,76.96668
1554,s843,0126-01,0.37,8.61869,76.96640
1555,s844,0126-01,0.26,8.61664,76.96757
1556,s63,0126-01,0.32,8.61444,76.96910
1557,s62,0126-01,0.61,8.60939,76.96898
1558,s61,0126-01,0.30,8.60680,76.96875
1559,s762,0126-01,0.30,8.60578,76.96641
1560,s59,0126-01,0.19,8.60522,76.96488
1561,s763,0126-01,0.36,8.60222,76.96469
1562,s845,0126-01,0.51,8.59861,76.96304
1563,s846,0126-01,0.38,8.59714,76.96106
1564,s53,0126-01,1.25,8.59252,76.95299
1565,s52,0126-01,0.69,8.58849,76.95004
1566,s432,0126-01,0.49,8.58456,76.94933
1567,s847,0126-01,0.33,8.58476,76.94691
1568,s49,0126-01,0.67,8.58051,76.94554
1569,s48,0126-01,0.43,8.57784,76.94341
1570,s83,0126-01,0.69,8.57237,76.94476
1571,s46,0126-01,0.29,8.57040,76.94610
1572,s764,0126-01,0.38,8.56801,76.94411
1573,s351,0126-01,0.84,8.56064,76.94349
1574,s765,0126-01,0.52,8.55601,76.94372
1575,s766,0126-01,0.34,8.55296,76.94320
1576,s41,0126-01,0.55,8.54873,76.94310
1577,s40,0126-01,0.36,8.54605,76.94490
1578,s39,0126-01,0.55,8.54246,76.94187
1579,s38,0126-01,0.61,8.53734,76.94185
1580,s37,0126-01,0.37,8.53413,76.94228
1581,s36,0126-01,0.76,8.52872,76.93892
1582,s848,0126-01,0.25,8.52644,76.93911
1583,s768,0126-01,0.43,8.52300,76.94077
1584,s33,0126-01,0.56,8.51843,76.94278
1585,s32,0126-01,0.59,8.51426,76.94604
1586,s31,0126-01,0.73,8.50937,76.94922
1587,s30,0126-01,0.43,8.50850,76.95222
1588,s5,0126-01,0.28,8.50598,76.95183
1589,s29,0126-01,0.38,8.50283,76.95057
1590,s4,0126-01,0.60,8.49783,76.94866
1591,s27,0126-01,1.08,8.48833,76.94756
1592,s1,0126-01,0.70,8.48207,76.94757
1593,s372,0129-01,0.00,8.45768,76.95955
1594,s371,0129-01,0.37,8.45657,76.96230
1595,s369,0129-01,0.33,8.45739,76.96482
1596,s849,0129-01,0.53,8.46178,76.96552
1597,s850,0129-01,0.24,8.46387,76.96584
1598,s366,0129-01,0.31,8.46542,76.96693
1599,s851,0129-01,0.40,8.46702,76.96403
1600,s487,0129-01,0.47,8.46649,76.95996
1601,s363,0129-01,0.25,8.46712,76.95793
1602,s362,0129-01,0.35,8.46668,76.95473
1603,s361,0129-01,0.23,8.46856,76.95391
1604,s360,0129-01,0.34,8.47127,76.95252
1605,s359,0129-01,0.30,8.47381,76.95175
1606,s358,0129-01,0.20,8.47462,76.95024
1607,s357,0129-01,0.31,8.47607,76.94811
1608,s1,0129-01,0.69,8.48217,76.94742
1609,s413,0103-01,0.00,8.50655,77.08151
1610,s412,0103-01,0.20,8.50817,77.08177
1611,s411,0103-01,0.38,8.51099,77.08336
1612,s410,0103-01,0.71,8.51688,77.08514
1613,s410,0103-01,0.33,8.51967,77.08515
1614,s852,0103-01,0.77,8.52612,77.08628
1615,s408,0103-01,0.42,8.52983,77.08684
1616,s407,0103-01,0.38,8.53316,77.08665
1617,s406,0103-01,0.49,8.53711,77.08645
1618,s853,0103-01,0.99,8.54322,77.08093
1619,s404,0103-01,1.05,8.54770,77.07418
1620,s403,0103-01,0.27,8.54903,77.07231
1621,s854,0103-01,0.79,8.55088,77.06666
1622,s106,0103-01,0.97,8.54652,77.06415
1623,s855,0103-01,0.32,8.54512,77.06155
1624,s399,0103-01,1.18,8.54244,77.05580
1625,s398,0103-01,1.17,8.53999,77.04701
1626,s397,0103-01,0.40,8.53886,77.04367
1627,s395,0103-01,0.81,8.54178,77.03854
1628,s396,0103-01,0.51,8.54530,77.03787
1629,s856,0103-01,0.37,8.54607,77.03488
1630,s394,0103-01,1.19,8.54916,77.02746
1631,s392,0103-01,1.38,8.55029,77.01542
1632,s391,0103-01,0.32,8.55227,77.01411
1633,s857,0103-01,0.88,8.55396,77.00667
1634,s389,0103-01,0.67,8.55656,77.00187
1635,s388,0103-01,0.38,8.55637,76.99896
1636,s387,0103-01,0.67,8.55529,76.99492
1637,s858,0103-01,0.40,8.55220,76.99304
1638,s385,0103-01,1.11,8.54698,76.98701
1639,s384,0103-01,0.72,8.54126,76.98945
1640,s383,0103-01,0.63,8.53578,76.99089
1641,s382,0103-01,0.73,8.52938,76.99010
1642,s381,0103-01,0.54,8.52470,76.98885
1643,s380,0103-01,0.61,8.52287,76.98379
1644,s859,0103-01,0.47,8.52134,76.97989
1645,s378,0103-01,1.09,8.51310,76.97851
1646,s376,0103-01,0.91,8.51274,76.97101
1647,s375,0103-01,1.10,8.51086,76.96154
1648,s30,0103-01,1.19,8.50802,76.95221
1649,s5,0103-01,0.63,8.50275,76.95037
1650,s4,0103-01,0.65,8.49732,76.94847
1651,s860,0103-01,0.94,8.48903,76.94735
1652,s1,0103-01,0.57,8.48400,76.94779
1653,s425,1004-01,0.00,8.42296,76.98422
1654,s861,1004-01,0.39,8.42245,76.98745
1655,s862,1004-01,0.21,8.42093,76.98725
1656,s863,1004-01,0.47,8.41752,76.98563
1657,s424,1004-01,0.17,8.41818,76.98424
1658,s864,1004-01,0.97,8.42247,76.97693
1659,s178,1004-01,0.53,8.42345,76.97299
1660,s865,1004-01,0.33,8.42633,76.97227
1661,s177,1004-01,0.52,8.43061,76.97050
1662,s866,1004-01,0.80,8.43163,76.96546
1663,s867,1004-01,0.26,8.43360,76.96402
1664,s173,1004-01,0.50,8.43746,76.96172
1665,s172,1004-01,0.62,8.44099,76.95788
1666,s419,1004-01,0.30,8.44078,76.95534
1667,s116,1004-01,0.44,8.44346,76.95241
1668,s418,1004-01,0.54,8.44821,76.95179
1669,s114,1004-01,0.57,8.45270,76.95088
1670,s417,1004-01,0.40,8.45624,76.94984
1671,s169,1004-01,0.31,8.45883,76.95049
1672,s215,1004-01,0.32,8.46165,76.95019
1673,s415,1004-01,0.35,8.46453,76.94904
1674,s109,1004-01,0.30,8.46715,76.94828
1675,s414,1004-01,0.43,8.47104,76.94812
1676,s357,1004-01,0.32,8.47372,76.94740
1677,s426,1004-01,0.93,8.48094,76.94725
1678,s95,0105-01,0.00,8.63730,76.93572
1679,s868,0105-01,0.83,8.62986,76.93673
1680,s537,0105-01,1.04,8.63184,76.92811
1681,s447,0105-01,0.24,8.63182,76.92596
1682,s446,0105-01,0.79,8.62660,76.92756
1683,s869,0105-01,0.52,8.62465,76.93144
1684,s444,0105-01,0.55,8.62247,76.92760
1685,s870,0105-01,0.58,8.61804,76.92477
1686,s871,0105-01,0.61,8.61413,76.92720
1687,s872,0105-01,0.59,8.60944,76.92846
1688,s873,0105-01,0.55,8.60482,76.92695
1689,s874,0105-01,0.57,8.60061,76.92956
1690,s438,0105-01,0.30,8.59885,76.93159
1691,s875,0105-01,0.32,8.59701,76.93361
1692,s876,0105-01,0.33,8.59635,76.93655
1693,s435,0105-01,0.31,8.59378,76.93727
1694,s433,0105-01,0.87,8.59143,76.94248
1695,s53,0105-01,1.74,8.59228,76.95243
1696,s432,0105-01,1.13,8.58456,76.94929
1697,s847,0105-01,0.33,8.58477,76.94699
1698,s49,0105-01,0.64,8.58064,76.94575
1699,s83,0105-01,1.18,8.57226,76.94492
1700,s82,0105-01,0.24,8.57056,76.94617
1701,s430,0105-01,0.43,8.56781,76.94415
1702,s877,0105-01,0.85,8.56030,76.94355
1703,s876,0105-01,0.82,8.55299,76.94321
1704,s41,0105-01,0.56,8.54866,76.94311
1705,s40,0105-01,0.35,8.54604,76.94481
1706,s878,0105-01,0.62,8.54189,76.94154
1707,s38,0105-01,0.55,8.53720,76.94185
1708,s37,0105-01,0.37,8.53398,76.94221
1709,s36,0105-01,0.76,8.52873,76.93887
1710,s34,0105-01,0.70,8.52292,76.94084
1711,s33,0105-01,0.58,8.51820,76.94291
1712,s32,0105-01,0.54,8.51431,76.94595
1713,s879,0105-01,0.80,8.50893,76.94954
1714,s30,0105-01,0.47,8.50764,76.95221
1715,s5,0105-01,0.57,8.50277,76.95054
1716,s4,0105-01,0.63,8.49756,76.94859
1717,s2,0105-01,0.93,8.48934,76.94733
1718,s1,0105-01,0.66,8.48350,76.94779
1719,s470,0133-01,0.00,8.39164,76.97493
1720,s469,0133-01,0.44,8.39144,76.97712
1721,s468,0133-01,0.60,8.39573,76.98026
1722,s467,0133-01,0.55,8.39946,76.98121
1723,s880,0133-01,0.61,8.40398,76.97825
1724,s465,0133-01,0.42,8.40692,76.97611
1725,s881,0133-01,0.48,8.41081,76.97307
1726,s463,0133-01,0.32,8.41259,76.97146
1727,s462,0133-01,0.57,8.41714,76.96928
1728,s461,0133-01,0.34,8.41967,76.96846
1729,s460,0133-01,0.39,8.42322,76.96746
1730,s459,0133-01,0.26,8.43544,76.96263
1731,s220,0133-01,1.02,8.43164,76.96546
1732,s458,0133-01,0.27,8.43350,76.96405
1733,s882,0133-01,0.17,8.43900,76.96089
1734,s456,0133-01,0.24,8.43742,76.96177
1735,s531,0133-01,0.41,8.44095,76.95787
1736,s171,0133-01,0.30,8.44082,76.95531
1737,s116,0133-01,0.48,8.44386,76.95230
1738,s453,0133-01,0.47,8.44813,76.95177
1739,s114,0133-01,0.60,8.45271,76.95088
1740,s452,0133-01,0.38,8.45610,76.94989
1741,s883,0133-01,0.37,8.45928,76.95054
1742,s168,0133-01,0.27,8.46167,76.95013
1743,s111,0133-01,0.43,8.46523,76.94879
1744,s109,0133-01,0.22,8.46718,76.94824
1745,s167,0133-01,0.28,8.46971,76.94808
1746,s166,0133-01,0.47,8.47378,76.94737
1747,s1,0133-01,0.94,8.48127,76.94732
1748,s481,0106-01,0.00,8.59376,76.93715
1749,s480,0106-01,0.24,8.59530,76.93822
1750,s479,0106-01,0.54,8.59225,76.94184
1751,s478,0106-01,0.38,8.59038,76.94408
1752,s99,0106-01,0.36,8.59102,76.94708
1753,s52,0106-01,0.49,8.58844,76.95002
1754,s66,0106-01,0.53,8.58476,76.94902
1755,s276,0106-01,0.29,8.58470,76.94704
1756,s85,0106-01,0.67,8.58052,76.94547
1757,s275,0106-01,0.43,8.57690,76.94331
1758,s83,0106-01,0.69,8.57228,76.94484
1759,s477,0106-01,0.29,8.57041,76.94613
1760,s476,0106-01,0.38,8.56717,76.94411
1761,s80,0106-01,0.84,8.56042,76.94346
1762,s475,0106-01,0.52,8.55599,76.94370
1763,s42,0106-01,0.34,8.55294,76.94309
1764,s41,0106-01,0.55,8.54868,76.94308
1765,s474,0106-01,0.36,8.54594,76.94479
1766,s473,0106-01,0.55,8.54186,76.94148
1767,s270,0106-01,0.61,8.53730,76.94182
1768,s37,0106-01,0.37,8.53507,76.94251
1769,s36,0106-01,0.76,8.52871,76.93879
1770,s884,0106-01,0.25,8.52483,76.93956
1771,s471,0106-01,0.43,8.52296,76.94082
1772,s268,0106-01,0.56,8.51810,76.94292
1773,s32,0106-01,0.59,8.51436,76.94589
1774,s31,0106-01,0.73,8.50901,76.94947
1775,s30,0106-01,0.43,8.50758,76.95209
1776,s5,0106-01,0.66,8.50249,76.95022
1777,s4,0106-01,0.60,8.49724,76.94859
1778,s860,0106-01,1.08,8.48924,76.94736
1779,s1,0106-01,0.70,8.48378,76.94777
1780,s491,0107-01,0.00,8.46211,76.97078
1781,s490,0107-01,0.35,8.46401,76.96854
1782,s489,0107-01,0.26,8.46542,76.96696
1783,s488,0107-01,0.41,8.46704,76.96394
1784,s487,0107-01,0.43,8.46635,76.96018
1785,s486,0107-01,0.28,8.46711,76.95788
1786,s289,0107-01,0.36,8.46671,76.95467
1787,s485,0107-01,0.22,8.46858,76.95390
1788,s484,0107-01,0.33,8.47125,76.95250
1789,s483,0107-01,0.30,8.47375,76.95179
1790,s482,0107-01,0.22,8.47466,76.95017
1791,s166,0107-01,0.32,8.47615,76.94806
1792,s1,0107-01,0.65,8.48192,76.94736
1793,s495,0108-01,0.00,8.46194,76.97075
1794,s490,0108-01,0.33,8.46392,76.96863
1795,s366,0108-01,0.27,8.46536,76.96694
1796,s488,0108-01,0.42,8.46725,76.96378
1797,s885,0108-01,0.40,8.47055,76.96458
1798,s886,0108-01,0.35,8.47216,76.96631
1799,s887,0108-01,0.14,8.47335,76.96651
1800,s888,0108-01,0.30,8.47599,76.96693
1801,s889,0108-01,0.29,8.47847,76.96766
1802,s890,0108-01,0.24,8.48041,76.96791
1803,s891,0108-01,0.29,8.48121,76.96544
1804,s308,0108-01,0.59,8.48121,76.96015
1805,s135,0108-01,0.10,8.48129,76.95926
1806,s136,0108-01,0.26,8.48214,76.95719
1807,s892,0108-01,0.34,8.48419,76.95596
1808,s893,0108-01,0.57,8.48717,76.95355
1809,s139,0108-01,0.38,8.48771,76.95027
1810,s1,0108-01,0.81,8.48352,76.94776
1811,s510,0135-01,0.00,8.517860,76.899160
1812,s509,0135-01,0.40,8.517273,76.902170
1813,s508,0135-01,0.21,8.515489,76.902964
1814,s507,0135-01,0.61,8.511306,76.905941
1815,s506,0135-01,0.17,8.511688,76.907434
1816,s894,0135-01,0.21,8.510814,76.909062
1817,s895,0135-01,0.57,8.508545,76.913160
1818,s16,0135-01,0.19,8.507321,76.914157
1819,s15,0135-01,0.29,8.505634,76.916122
1820,s502,0135-01,0.40,8.503389,76.918910
1821,s13,0135-01,0.39,8.501164,76.921644
1822,s500,0135-01,0.38,8.499070,76.924326
1823,s499,0135-01,0.70,8.495136,76.929248
1824,s896,0135-01,0.32,8.496578,76.931624
1825,s897,0135-01,0.39,8.497192,76.935175
1826,s497,0135-01,0.71,8.499460,76.940262
1827,s7,0135-01,0.30,8.499403,76.942953
1828,s680,0135-01,0.75,8.503011,76.948221
1829,s5,0135-01,0.54,8.502509,76.950342
1830,s496,0135-01,0.60,8.497444,76.948583
1831,s2,0135-01,0.94,8.489137,76.947365
1832,s1,0135-01,0.57,8.484041,76.947781
1833,s518,0109-01,0.00,8.45787,76.94264
1834,s517,0109-01,0.39,8.46068,76.94049
1835,s516,0109-01,0.37,8.46326,76.93835
1836,s898,0109-01,0.47,8.46693,76.93621
1837,s11,0109-01,0.29,8.46941,76.93575
1838,s514,0109-01,0.36,8.47059,76.93876
1839,s513,0109-01,0.28,8.47180,76.94088
1840,s899,0109-01,0.28,8.47356,76.94245
1841,s900,0109-01,0.25,8.47472,76.94418
1842,s166,0109-01,0.32,8.47519,76.94688
1843,s901,0109-01,0.23,8.47610,76.94812
1844,s1,0109-01,0.63,8.48172,76.94737
1845,s902,0110-01,0.00,8.45786,76.94279
1846,s288,0110-01,0.39,8.46057,76.94056
1847,s526,0110-01,0.37,8.46315,76.93840
1848,s903,0110-01,0.49,8.46701,76.93615
1849,s524,0110-01,0.18,8.46801,76.93740
1850,s904,0110-01,0.27,8.46932,76.93940
1851,s905,0110-01,0.26,8.47055,76.94140
1852,s906,0110-01,0.19,8.47139,76.94292
1853,s519,0110-01,0.29,8.47255,76.94528
1854,s907,0110-01,0.30,8.47377,76.94736
1855,s166,0110-01,0.36,8.47603,76.94816
1856,s1,0110-01,0.66,8.48184,76.94740
1857,s544,0111-01,0.00,8.41938,77.01383
1858,s543,0111-01,0.70,8.42029,77.01141
1859,s908,0111-01,0.17,8.42033,77.01121
1860,s541,0111-01,0.47,8.42134,77.00862
1861,s909,0111-01,0.19,8.42190,77.00719
1862,s539,0111-01,0.36,8.42371,77.00456
1863,s185,0111-01,0.45,8.42595,77.00092
1864,s910,0111-01,0.33,8.42716,76.99825
1865,s183,0111-01,0.43,8.42572,76.99449
1866,s538,0111-01,0.73,8.42531,76.98928
1867,s224,0111-01,0.52,8.42681,76.98483
1868,s537,0111-01,0.59,8.42480,76.97984
1869,s536,0111-01,0.43,8.42263,76.97685
1870,s535,0111-01,0.51,8.42346,76.97298
1871,s534,0111-01,0.33,8.42762,76.97196
1872,s177,0111-01,0.53,8.43062,76.97050
1873,s533,0111-01,0.74,8.43170,76.96542
1874,s532,0111-01,0.35,8.43368,76.96389
1875,s217,0111-01,0.50,8.43756,76.96172
1876,s172,0111-01,0.59,8.44097,76.95791
1877,s171,0111-01,0.36,8.44083,76.95530
1878,s418,0111-01,0.94,8.44810,76.95183
1879,s114,0111-01,0.54,8.45273,76.95087
1880,s170,0111-01,0.39,8.45596,76.94987
1881,s168,0111-01,0.69,8.46196,76.95005
1882,s109,0111-01,0.71,8.46704,76.94825
1883,s166,0111-01,0.89,8.47361,76.94743
1884,s1,0111-01,0.72,8.48130,76.94722
1885,s550,0112-01,0.00,8.44118,76.94520
1886,s549,0112-01,0.34,8.44380,76.94408
1887,s911,0112-01,0.24,8.44572,76.94499
1888,s547,0112-01,0.24,8.44730,76.94636
1889,s546,0112-01,0.21,8.44859,76.94760
1890,s912,0112-01,0.17,8.44984,76.94869
1891,s913,0112-01,0.40,8.45284,76.95085
1892,s170,0112-01,0.41,8.45611,76.94988
1893,s169,0112-01,0.35,8.45911,76.95051
1894,s530,0112-01,0.34,8.46203,76.95010
1895,s111,0112-01,0.41,8.46548,76.94875
1896,s109,0112-01,0.23,8.46756,76.94827
1897,s167,0112-01,0.35,8.47069,76.94822
1898,s166,0112-01,0.37,8.47386,76.94733
1899,s166,0112-01,0.37,8.47621,76.94808
1900,s914,0112-01,0.30,8.47882,76.94749
1901,s1,0112-01,0.35,8.48187,76.94738
1902,s566,0113-01,0.00,8.57691,76.92542
1903,s565,0113-01,0.44,8.57291,76.92542
1904,s915,0113-01,0.47,8.57254,76.92911
1905,s563,0113-01,0.57,8.56884,76.93256
1906,s562,0113-01,0.44,8.56535,76.93379
1907,s916,0113-01,0.28,8.56353,76.93457
1908,s917,0113-01,0.38,8.56316,76.93790
1909,s80,0113-01,0.73,8.56036,76.94350
1910,s918,0113-01,0.49,8.55593,76.94368
1911,s42,0113-01,0.34,8.55289,76.94309
1912,s713,0113-01,0.56,8.54863,76.94316
1913,s474,0113-01,0.35,8.54589,76.94484
1914,s711,0113-01,0.64,8.54176,76.94148
1915,s270,0113-01,0.53,8.53729,76.94188
1916,s37,0113-01,0.37,8.53406,76.94223
1917,s36,0113-01,0.79,8.52859,76.93889
1918,s553,0113-01,0.23,8.52645,76.93912
1919,s34,0113-01,0.43,8.52308,76.94073
1920,s268,0113-01,0.59,8.51827,76.94283
1921,s919,0113-01,0.58,8.51427,76.94598
1922,s31,0113-01,0.76,8.50896,76.94959
1923,s30,0113-01,0.44,8.50802,76.95220
1924,s5,0113-01,0.40,8.50476,76.95143
1925,s920,0113-01,0.23,8.50249,76.95036
1926,s4,0113-01,0.67,8.49710,76.94852
1927,s921,0113-01,0.89,8.48913,76.94744
1928,s1,0113-01,0.61,8.48370,76.94780
1929,s922,0114-01,0.00,8.51117,76.99377
1930,s923,0114-01,0.43,8.51328,76.99121
1931,s924,0114-01,0.25,8.51446,76.98930
1932,s575,0114-01,0.54,8.51303,76.98787
1933,s925,0114-01,0.47,8.51038,76.98625
1934,s926,0114-01,0.60,8.51252,76.98333
1935,s572,0114-01,0.51,8.51321,76.97884
1936,s570,0114-01,0.75,8.51337,76.97340
1937,s927,0114-01,0.28,8.51284,76.97099
1938,s569,0114-01,0.40,8.51157,76.96766
1939,s375,0114-01,0.72,8.51082,76.96140
1940,s568,0114-01,0.45,8.50932,76.95755
1941,s374,0114-01,0.57,8.50864,76.95280
1942,s928,0114-01,0.18,8.50772,76.95214
1943,s5,0114-01,0.63,8.50235,76.95026
1944,s567,0114-01,0.58,8.49752,76.94871
1945,s3,0114-01,0.74,8.49098,76.94724
1946,s2,0114-01,0.19,8.48923,76.94737
1947,s1,0114-01,0.64,8.48343,76.94780
1948,s592,0115-01,0.00,8.53885,77.02158
1949,s591,0115-01,0.52,8.53694,77.01747
1950,s929,0115-01,0.32,8.53503,77.01549
1951,s414,0115-01,0.25,8.53391,77.01357
1952,s590,0115-01,0.41,8.53222,77.01030
1953,s589,0115-01,0.48,8.53381,77.00697
1954,s588,0115-01,0.59,8.53591,77.00265
1955,s587,0115-01,0.50,8.53298,77.00074
1956,s586,0115-01,0.60,8.52971,76.99745
1957,s585,0115-01,0.60,8.52508,76.99487
1958,s584,0115-01,0.35,8.52573,76.99177
1959,s381,0115-01,0.39,8.52447,76.98870
1960,s380,0115-01,0.56,8.52288,76.98396
1961,s582,0115-01,0.27,8.52218,76.98165
1962,s379,0115-01,0.22,8.52138,76.97992
1963,s930,0115-01,1.09,8.51309,76.97852
1964,s931,0115-01,0.72,8.51333,76.97343
1965,s376,0115-01,0.29,8.51278,76.97099
1966,s580,0115-01,0.37,8.51156,76.96788
1967,s375,0115-01,0.75,8.51075,76.96145
1968,s30,0115-01,1.40,8.50780,76.95218
1969,s5,0115-01,0.61,8.50262,76.95035
1970,s4,0115-01,0.64,8.49723,76.94853
1971,s860,0115-01,0.89,8.48940,76.94741
1972,s1,0115-01,0.64,8.48371,76.94776
1973,s603,0116-01,0.00,8.44858,76.97545
1974,s932,0116-01,0.31,8.44693,76.97330
1975,s601,0116-01,0.23,8.44506,76.97351
1976,s600,0116-01,0.35,8.44193,76.97258
1977,s599,0116-01,0.23,8.44054,76.97212
1978,s598,0116-01,0.34,8.43849,76.96996
1979,s597,0116-01,0.44,8.43632,76.97010
1980,s596,0116-01,0.25,8.43503,76.96895
1981,s933,0116-01,0.30,8.43255,76.96851
1982,s177,0116-01,0.31,8.43087,76.97042
1983,s220,0116-01,0.76,8.43163,76.96541
1984,s594,0116-01,0.33,8.43401,76.96375
1985,s174,0116-01,0.53,8.43765,76.96173
1986,s218,0116-01,0.25,8.43965,76.96044
1987,s934,0116-01,0.34,8.44093,76.95788
1988,s171,0116-01,0.33,8.44084,76.95528
1989,s116,0116-01,0.44,8.44366,76.95232
1990,s418,0116-01,0.53,8.44814,76.95183
1991,s114,0116-01,0.54,8.45282,76.95078
1992,s170,0116-01,0.39,8.45608,76.94991
1993,s169,0116-01,0.28,8.45901,76.95051
1994,s168,0116-01,0.42,8.46265,76.94992
1995,s111,0116-01,0.31,8.46478,76.94899
1996,s109,0116-01,0.39,8.46787,76.94816
1997,s167,0116-01,0.28,8.47060,76.94813
1998,s166,0116-01,0.38,8.47381,76.94733
1999,s166,0116-01,0.40,8.47637,76.94808
2000,s1,0116-01,0.59,8.48174,76.94734
2001,s603,0117-01,0.00,8.44857,76.97538
2002,s611,0117-01,0.31,8.44708,76.97339
2003,s601,0117-01,0.23,8.44504,76.97341
2004,s935,0117-01,0.31,8.44416,76.97098
2005,s609,0117-01,0.24,8.44443,76.96879
2006,s936,0117-01,0.20,8.44542,76.96753
2007,s607,0117-01,0.36,8.44471,76.96509
2008,s606,0117-01,0.20,8.44434,76.96353
2009,s937,0117-01,0.32,8.44570,76.96104
2010,s120,0117-01,0.22,8.44631,76.95939
2011,s604,0117-01,0.45,8.44303,76.95674
2012,s172,0117-01,0.44,8.44114,76.95775
2013,s171,0117-01,0.33,8.44085,76.95527
2014,s116,0117-01,0.44,8.44355,76.95235
2015,s216,0117-01,0.53,8.44838,76.95180
2016,s593,0117-01,0.54,8.45273,76.95089
2017,s170,0117-01,0.39,8.45601,76.94984
2018,s169,0117-01,0.28,8.45908,76.95049
2019,s168,0117-01,0.42,8.46207,76.95007
2020,s111,0117-01,0.31,8.46468,76.94899
2021,s109,0117-01,0.39,8.46809,76.94808
2022,s167,0117-01,0.28,8.47073,76.94816
2023,s166,0117-01,0.38,8.47363,76.94742
2024,s166,0117-01,0.40,8.47600,76.94808
2025,s140,0117-01,0.59,8.48186,76.94739
2026,s603,0118-01,0.00,8.44858,76.97549
2027,s621,0118-01,0.40,8.44637,76.97794
2028,s938,0118-01,0.27,8.44421,76.97890
2029,s619,0118-01,0.25,8.44208,76.97969
2030,s939,0118-01,0.32,8.44080,76.97754
2031,s940,0118-01,0.33,8.43881,76.97575
2032,s941,0118-01,0.31,8.43735,76.97336
2033,s942,0118-01,0.33,8.43556,76.97181
2034,s943,0118-01,0.38,8.43274,76.97042
2035,s944,0118-01,0.47,8.43086,76.97048
2036,s220,0118-01,0.76,8.43159,76.96552
2037,s945,0118-01,0.33,8.43348,76.96406
2038,s612,0118-01,0.53,8.43733,76.96183
2039,s218,0118-01,0.25,8.43961,76.96049
2040,s172,0118-01,0.34,8.44092,76.95796
2041,s217,0118-01,0.33,8.44080,76.95531
2042,s116,0118-01,0.44,8.44508,76.95190
2043,s216,0118-01,0.53,8.44843,76.95180
2044,s593,0118-01,0.54,8.45263,76.95099
2045,s170,0118-01,0.39,8.45601,76.94981
2046,s169,0118-01,0.28,8.45931,76.95062
2047,s168,0118-01,0.42,8.46216,76.95009
2048,s111,0118-01,0.31,8.46523,76.94887
2049,s109,0118-01,0.39,8.46720,76.94827
2050,s167,0118-01,0.28,8.47000,76.94810
2051,s166,0118-01,0.38,8.47378,76.94732
2052,s946,0118-01,0.40,8.47624,76.94802
2053,s1,0118-01,0.59,8.48193,76.94729
2054,s648,0136-01,0.00,8.57240,76.83729
2055,s647,0136-01,0.99,8.56535,76.84288
2056,s646,0136-01,0.75,8.56017,76.84714
2057,s645,0136-01,0.66,8.55557,76.85096
2058,s644,0136-01,0.43,8.55256,76.85339
2059,s643,0136-01,0.37,8.54992,76.85543
2060,s642,0136-01,0.57,8.54671,76.85889
2061,s641,0136-01,0.43,8.54771,76.86269
2062,s640,0136-01,0.68,8.54968,76.86819
2063,s639,0136-01,0.42,8.54668,76.87056
2064,s638,0136-01,0.55,8.54302,76.87354
2065,s637,0136-01,0.83,8.53679,76.87751
2066,s636,0136-01,1.41,8.52504,76.88211
2067,s635,0136-01,0.66,8.52151,76.87768
2068,s634,0136-01,0.43,8.51846,76.88015
2069,s633,0136-01,0.47,8.51507,76.88276
2070,s632,0136-01,0.34,8.51265,76.88476
2071,s631,0136-01,0.78,8.51232,76.89181
2072,s630,0136-01,0.55,8.50937,76.89554
2073,s629,0136-01,0.47,8.50643,76.89865
2074,s628,0136-01,0.51,8.50303,76.90183
2075,s627,0136-01,0.48,8.49980,76.90476
2076,s626,0136-01,0.54,8.49618,76.90800
2077,s625,0136-01,0.41,8.49364,76.91068
2078,s624,0136-01,0.31,8.49154,76.91255
2079,s623,0136-01,0.61,8.49031,76.91680
2080,s195,0136-01,0.35,8.48866,76.91909
2081,s622,0136-01,0.52,8.49175,76.92255
2082,s499,0136-01,0.68,8.49426,76.92811
2083,s9,0136-01,0.65,8.49678,76.93331
2084,s8,0136-01,0.41,8.49742,76.93701
2085,s7,0136-01,0.82,8.49924,76.94315
2086,s5,0136-01,1.04,8.50283,76.94933
2087,s4,0136-01,0.73,8.49668,76.94832
2088,s3,0136-01,0.63,8.49113,76.94700
2089,s1,0136-01,0.88,8.48324,76.94743
2090,s678,0119-01,0.00,8.40627,77.05586
2091,s677,0119-01,0.50,8.40613,77.05196
2092,s947,0119-01,0.89,8.41002,77.05171
2093,s675,0119-01,0.30,8.41237,77.05087
2094,s948,0119-01,0.46,8.41638,77.05157
2095,s239,0119-01,0.33,8.41940,77.05263
2096,s949,0119-01,0.60,8.42257,77.04914
2097,s673,0119-01,0.50,8.42542,77.04533
2098,s672,0119-01,0.52,8.42691,77.04196
2099,s236,0119-01,0.84,8.42954,77.03466
2100,s235,0119-01,0.89,8.43187,77.03077
2101,s671,0119-01,0.33,8.43163,77.02797
2102,s233,0119-01,0.40,8.43137,77.02439
2103,s670,0119-01,0.45,8.42754,77.02288
2104,s669,0119-01,0.29,8.42520,77.02252
2105,s668,0119-01,0.55,8.42043,77.02138
2106,s667,0119-01,0.42,8.41675,77.02005
2107,s666,0119-01,0.21,8.41525,77.01898
2108,s665,0119-01,0.29,8.41242,77.01721
2109,s72,0119-01,0.24,8.41151,77.01663
2110,s664,0119-01,0.28,8.40916,77.01537
2111,s663,0119-01,0.44,8.40554,77.01414
2112,s662,0119-01,0.47,8.40209,77.01192
2113,s661,0119-01,0.49,8.39902,77.00847
2114,s660,0119-01,0.12,8.39811,77.00778
2115,s193,0119-01,0.17,8.39702,77.00645
2116,s659,0119-01,0.39,8.39658,77.00320
2117,s658,0119-01,0.69,8.40100,76.99819
2118,s950,0119-01,0.54,8.40231,76.99459
2119,s656,0119-01,0.61,8.40771,76.99276
2120,s655,0119-01,0.45,8.40784,76.98956
2121,s654,0119-01,0.41,8.41039,76.98794
2122,s951,0119-01,0.56,8.41474,76.98585
2123,s952,0119-01,0.42,8.41743,76.98563
2124,s953,0119-01,0.18,8.41828,76.98419
2125,s650,0119-01,0.62,8.42058,76.97918
2126,s222,0119-01,0.33,8.42252,76.97681
2127,s954,0119-01,0.55,8.42386,76.97271
2128,s534,0119-01,0.40,8.42739,76.97202
2129,s502,0119-01,0.17,8.42994,76.97093
2130,s177,0119-01,0.25,8.43061,76.97052
2131,s220,0119-01,0.74,8.43161,76.96550
2132,s594,0119-01,0.41,8.43420,76.96356
2133,s174,0119-01,0.41,8.43742,76.96167
2134,s218,0119-01,0.24,8.43939,76.96069
2135,s172,0119-01,0.40,8.44102,76.95786
2136,s419,0119-01,0.34,8.44090,76.95515
2137,s116,0119-01,0.41,8.44354,76.95239
2138,s216,0119-01,0.55,8.44860,76.95193
2139,s593,0119-01,0.54,8.45269,76.95093
2140,s452,0119-01,0.38,8.45604,76.94987
2141,s169,0119-01,0.35,8.45905,76.95055
2142,s168,0119-01,0.29,8.46164,76.95018
2143,s111,0119-01,0.29,8.46420,76.94921
2144,s109,0119-01,0.46,8.46775,76.94812
2145,s167,0119-01,0.37,8.47135,76.94819
2146,s166,0119-01,0.28,8.47367,76.94741
2147,s901,0119-01,0.38,8.47615,76.94808
2148,s1,0119-01,0.62,8.48183,76.94729
2149,s697,0120-01,0.00,8.51123,76.89147
2150,s696,0120-01,0.23,8.50996,76.89016
2151,s696,0120-01,0.30,8.50740,76.89058
2152,s694,0120-01,0.30,8.50512,76.89167
2153,s694,0120-01,0.37,8.50217,76.89349
2154,s628,0120-01,0.54,8.49867,76.89686
2155,s693,0120-01,0.59,8.49496,76.90042
2156,s692,0120-01,0.26,8.49298,76.90210
2157,s691,0120-01,0.68,8.48824,76.90603
2158,s690,0120-01,0.29,8.48629,76.90780
2159,s689,0120-01,0.39,8.48393,76.91044
2160,s688,0120-01,0.37,8.48142,76.91284
2161,s687,0120-01,1.13,8.48850,76.91135
2162,s686,0120-01,0.46,8.49193,76.90805
2163,s685,0120-01,0.40,8.49385,76.90610
2164,s626,0120-01,0.29,8.49595,76.90847
2165,s684,0120-01,0.37,8.49386,76.91070
2166,s955,0120-01,0.44,8.49070,76.91359
2167,s623,0120-01,0.49,8.49041,76.91700
2168,s195,0120-01,0.34,8.48875,76.91906
2169,s956,0120-01,0.52,8.49174,76.92208
2170,s682,0120-01,0.68,8.49454,76.92834
2171,s9,0120-01,0.66,8.49658,76.93163
2172,s8,0120-01,0.40,8.49722,76.93524
2173,s497,0120-01,0.64,8.49953,76.93977
2174,s7,0120-01,0.37,8.49940,76.94298
2175,s680,0120-01,0.77,8.50322,76.94821
2176,s5,0120-01,0.51,8.50262,76.95044
2177,s4,0120-01,0.60,8.49732,76.94870
2178,s2,0120-01,0.94,8.48938,76.94744
2179,s679,0120-01,0.57,8.48369,76.94781
2180,s707,0121-01,0.00,8.39660,77.00310
2181,s658,0121-01,0.47,8.39887,76.99972
2182,s706,0121-01,0.23,8.40048,76.99898
2183,s705,0121-01,0.49,8.40182,76.99485
2184,s288,0121-01,0.35,8.40479,76.99334
2185,s704,0121-01,0.31,8.40767,76.99270
2186,s703,0121-01,0.45,8.40778,76.98952
2187,s702,0121-01,0.41,8.41047,76.98785
2188,s701,0121-01,0.56,8.41455,76.98603
2189,s424,0121-01,0.42,8.41737,76.98565
2190,s700,0121-01,0.20,8.41824,76.98418
2191,s650,0121-01,0.59,8.42052,76.97936
2192,s222,0121-01,0.34,8.42250,76.97690
2193,s699,0121-01,0.52,8.42347,76.97289
2194,s534,0121-01,0.43,8.42734,76.97203
2195,s502,0121-01,0.17,8.42873,76.97143
2196,s177,0121-01,0.27,8.43070,76.97036
2197,s220,0121-01,0.77,8.43170,76.96552
2198,s594,0121-01,0.36,8.43435,76.96352
2199,s698,0121-01,0.17,8.43544,76.96263
2200,s457,0121-01,0.28,8.43758,76.96169
2201,s218,0121-01,0.27,8.43971,76.96044
2202,s934,0121-01,0.34,8.44106,76.95783
2203,s171,0121-01,0.34,8.44095,76.95518
2204,s116,0121-01,0.41,8.44380,76.95233
2205,s418,0121-01,0.55,8.44820,76.95179
2206,s114,0121-01,0.54,8.45270,76.95093
2207,s170,0121-01,0.38,8.45609,76.94988
2208,s169,0121-01,0.35,8.45923,76.95053
2209,s168,0121-01,0.32,8.46178,76.95016
2210,s111,0121-01,0.39,8.46548,76.94875
2211,s109,0121-01,0.33,8.46812,76.94808
2212,s414,0121-01,0.21,8.47003,76.94811
2213,s528,0121-01,0.68,8.47535,76.94757
2214,s1,0121-01,0.76,8.48155,76.94733
2215,s735,0138-01,0.00,8.67794,76.91043
2216,s734,0138-01,1.05,8.66522,76.91149
2217,s957,0138-01,0.40,8.66521,76.91149
2218,s732,0138-01,0.58,8.66295,76.91467
2219,s731,0138-01,0.30,8.66178,76.91706
2220,s958,0138-01,0.59,8.65784,76.92028
2221,s729,0138-01,0.56,8.65437,76.92305
2222,s728,0138-01,0.57,8.65274,76.92778
2223,s727,0138-01,0.88,8.64523,76.92827
2224,s726,0138-01,0.57,8.64059,76.93032
2225,s95,0138-01,0.82,8.63702,76.93631
2226,s725,0138-01,0.86,8.62930,76.93706
2227,s724,0138-01,0.45,8.62549,76.93734
2228,s93,0138-01,0.44,8.62165,76.93826
2229,s92,0138-01,0.98,8.61394,76.93973
2230,s722,0138-01,0.46,8.60981,76.94040
2231,s91,0138-01,0.56,8.60528,76.94239
2232,s720,0138-01,0.59,8.60190,76.94642
2233,s719,0138-01,0.75,8.59613,76.94732
2234,s959,0138-01,0.40,8.59416,76.95007
2235,s53,0138-01,0.41,8.59251,76.95300
2236,s332,0138-01,0.68,8.58845,76.95006
2237,s87,0138-01,0.50,8.58464,76.94919
2238,s276,0138-01,0.49,8.58324,76.94694
2239,s85,0138-01,0.54,8.58046,76.94535
2240,s275,0138-01,0.69,8.57557,76.94306
2241,s716,0138-01,0.45,8.57224,76.94499
2242,s82,0138-01,0.23,8.57035,76.94604
2243,s274,0138-01,0.43,8.56748,76.94414
2244,s44,0138-01,0.82,8.56032,76.94350
2245,s715,0138-01,0.73,8.55384,76.94318
2246,s960,0138-01,0.13,8.55267,76.94295
2247,s961,0138-01,0.52,8.54863,76.94315
2248,s712,0138-01,0.37,8.54595,76.94485
2249,s711,0138-01,0.62,8.54185,76.94147
2250,s270,0138-01,0.53,8.53731,76.94187
2251,s37,0138-01,0.38,8.53405,76.94219
2252,s74,0138-01,0.78,8.52873,76.93885
2253,s820,0138-01,0.24,8.52652,76.93914
2254,s708,0138-01,0.44,8.52300,76.94078
2255,s33,0138-01,0.61,8.51812,76.94296
2256,s32,0138-01,0.54,8.51433,76.94597
2257,s31,0138-01,0.78,8.50901,76.94947
2258,s5,0138-01,0.77,8.50506,76.95152
2259,s962,0138-01,0.31,8.50249,76.95024
2260,s4,0138-01,0.63,8.49743,76.94857
2261,s3,0138-01,0.77,8.49045,76.94726
2262,s2,0138-01,0.15,8.48909,76.94749
2263,s1,0138-01,0.65,8.48336,76.94799
2264,s165,0122-01,0.00,8.49500,76.90035
2265,s777,0122-01,0.32,8.49274,76.90228
2266,s163,0122-01,0.34,8.49044,76.90423
2267,s162,0122-01,0.32,8.48805,76.90613
2268,s161,0122-01,0.29,8.48622,76.90788
2269,s160,0122-01,0.38,8.48396,76.91037
2270,s159,0122-01,0.39,8.48121,76.91281
2271,s158,0122-01,0.76,8.47585,76.91563
2272,s778,0122-01,0.23,8.47599,76.91696
2273,s779,0122-01,0.32,8.47481,76.91976
2274,s155,0122-01,0.20,8.47360,76.92101
2275,s780,0122-01,0.34,8.47135,76.92287
2276,s153,0122-01,0.31,8.46850,76.92327
2277,s152,0122-01,0.59,8.46466,76.92611
2278,s151,0122-01,0.50,8.46869,76.92782
2279,s150,0122-01,0.35,8.46683,76.93032
2280,s12,0122-01,0.36,8.46816,76.93303
2281,s781,0122-01,0.88,8.47537,76.93099
2282,s148,0122-01,0.40,8.47762,76.93046
2283,s147,0122-01,0.21,8.47868,76.93211
2284,s782,0122-01,0.28,8.48018,76.93458
2285,s145,0122-01,0.30,8.48140,76.93672
2286,s144,0122-01,0.40,8.48359,76.93963
2287,s963,0122-01,0.29,8.48276,76.94190
2288,s142,0122-01,0.23,8.48094,76.94193
2289,s141,0122-01,0.51,8.48060,76.94624
2290,s1,0122-01,0.48,8.48289,76.94666
2291,s757,0130-01,0.00,8.58765,76.85889
2292,s964,0130-01,0.63,8.58325,76.86236
2293,s755,0130-01,0.73,8.57805,76.86645
2294,s754,0130-01,0.73,8.57259,76.87017
2295,s753,0130-01,0.61,8.56822,76.87352
2296,s752,0130-01,1.30,8.55710,76.87651
2297,s965,0130-01,0.73,8.55055,76.87708
2298,s750,0130-01,0.62,8.54490,76.87730
2299,s966,0130-01,0.58,8.53977,76.87794
2300,s748,0130-01,0.36,8.53714,76.87978
2301,s747,0130-01,0.51,8.53341,76.88245
2302,s746,0130-01,0.61,8.52928,76.88605
2303,s967,0130-01,0.99,8.52283,76.89234
2304,s414,0130-01,0.84,8.51713,76.89741
2305,s22,0130-01,1.12,8.50973,76.90432
2306,s743,0130-01,0.38,8.50749,76.90694
2307,s968,0130-01,0.37,8.50544,76.90954
2308,s969,0130-01,0.93,8.49955,76.91553
2309,s740,0130-01,1.21,8.49177,76.92321
2310,s739,0130-01,1.02,8.48496,76.92951
2311,s970,0130-01,0.47,8.48192,76.93243
2312,s738,0130-01,0.70,8.48012,76.93459
2313,s971,0130-01,0.39,8.48167,76.93724
2314,s972,0130-01,0.44,8.48343,76.94045
2315,s973,0130-01,0.19,8.48276,76.94192
2316,s974,0130-01,0.23,8.48069,76.94200
2317,s975,0130-01,0.51,8.48077,76.94646
2318,s1,0130-01,0.41,8.48283,76.94698
